mtllib minosprime.mtl
o minos_prime_Body
v 11.115709 81.956627 -3.627343
v 10.406127 79.918694 -2.181279
v 10.918470 83.788063 -7.121075
v 5.337981 89.145851 -8.302923
v 13.348862 88.649025 -8.245261
v 8.381692 91.619629 -5.676507
v 14.787240 90.600677 -5.271560
v 3.642554 93.310280 -6.242537
v 8.527952 92.810379 -2.631660
v 4.028401 95.238434 -3.345925
v 6.651292 73.289566 -3.796179
v 9.284567 80.649132 -6.882699
v 4.867159 83.648666 -8.792383
v 0.000281 88.329323 -7.883076
v 0.000291 93.442360 -5.714766
v -3.641970 93.310287 -6.242556
v -5.317712 89.108047 -8.307737
v -8.340850 91.591370 -5.672790
v -13.345131 88.487762 -8.250610
v -14.686893 90.691589 -5.217776
v -8.527383 92.810432 -2.631724
v -4.027797 95.238625 -3.346164
v -11.214774 83.549957 -7.049850
v -4.881295 83.604965 -8.808717
v 0.000259 80.671013 -7.916591
v 4.674618 78.994652 -7.901479
v 0.000230 73.239265 -4.866718
v 0.000217 69.592087 -3.850500
v -6.650836 73.289604 -3.796211
v -6.773529 70.353592 -2.929991
v -5.037251 61.285686 -7.167248
v 0.000199 61.315712 -6.156334
v 0.000185 56.933941 -5.827940
v 5.037651 61.285645 -7.167226
v 6.773964 70.353554 -2.929959
v -9.358070 80.610161 -6.914872
v -10.503480 79.870712 -2.222811
v -7.881263 70.737640 -0.026553
v -9.001498 60.942268 -4.944614
v -4.992526 56.440834 -6.850079
v -0.518519 54.243134 -3.910355
v 0.518856 54.243141 -3.910352
v 4.992887 56.440800 -6.850054
v 9.001888 60.942215 -4.944570
v 7.881687 70.737595 -0.026515
v 9.941192 62.508499 0.286902
v 10.628983 57.545528 0.372797
v 9.245194 56.513905 -4.883690
v -9.244840 56.513977 -4.883735
v -10.628648 57.545601 0.372747
v -9.940818 62.508556 0.286854
v -11.309060 81.885040 -3.703083
v 3.153902 15.223750 -3.223034
v 2.337056 21.432465 -4.204145
v 4.676510 6.103905 -6.304766
v 3.859596 6.258732 -3.712814
v 2.498429 31.140331 -0.747102
v 2.968700 26.939953 -3.084185
v 3.763036 30.975906 1.437289
v 3.967100 20.031118 -0.971938
v 6.294072 30.531763 2.463218
v 6.756033 19.906668 0.076020
v 8.125921 30.883881 1.087989
v 8.470297 19.890261 -1.392467
v 8.979202 21.276932 -4.868491
v 7.553450 5.453576 -3.244948
v 6.915274 5.844508 -6.837510
v 7.548542 24.880873 -7.337500
v 3.474226 25.198799 -6.638397
v 2.636377 33.870495 -3.763114
v 1.926482 35.552776 0.348153
v 2.153720 44.536739 -3.769808
v 6.211349 5.879545 -1.304015
v 4.896148 5.904803 -1.665688
v 5.728895 44.550747 -4.821690
v 8.997402 44.548367 -3.591146
v 6.476051 34.138866 -5.357341
v 8.720164 34.067051 -3.614853
v 9.466173 35.229671 -0.507979
v 9.103281 31.499910 -1.441045
v 1.167809 44.153202 -0.148379
v 0.238548 54.193008 0.681164
v 10.671423 44.571507 0.040051
v 8.120630 35.044079 2.267570
v 6.058196 34.626171 3.616694
v 2.973499 35.483032 2.985151
v 2.240957 44.543301 3.233070
v 9.089428 44.587463 3.694177
v 5.393659 44.565052 5.280200
v 1.268886 54.188927 4.084105
v 4.512561 58.524406 6.564571
v 8.857868 59.170135 5.805367
v -10.815101 84.451233 2.912594
v -8.552200 79.747360 6.179513
v -5.879318 84.078911 6.382610
v -9.276180 79.275124 2.300210
v -10.299623 89.509056 1.176162
v -14.288691 86.526566 0.093398
v -11.604628 83.861069 1.617536
v -3.665229 91.119820 1.417882
v -15.463704 90.362885 -1.676676
v 0.000250 88.305923 4.888453
v 0.000233 83.625282 6.673501
v -8.857545 59.170193 5.805327
v -7.992285 65.102814 4.296133
v -6.933317 72.104065 3.024074
v -7.730705 76.910141 4.182568
v -5.002922 79.202843 8.355452
v 0.000219 79.831566 7.903636
v 5.879784 84.078857 6.382629
v 3.665761 91.119789 1.417901
v 0.000267 91.098907 1.789261
v -4.282184 76.939636 6.675703
v 0.000214 78.138382 7.914258
v 5.003353 79.202812 8.355474
v 8.537098 79.764397 6.188748
v 10.752215 84.555389 2.959729
v 10.313565 89.529816 1.178128
v 15.562189 90.279556 -1.727821
v 14.251767 86.511459 0.100117
v 11.523407 83.936661 1.662064
v 9.228135 79.313904 2.324968
v 7.710412 76.928085 4.193558
v 4.282610 76.939613 6.675723
v 0.000204 73.750076 6.886314
v -3.734775 72.384232 5.889305
v -3.803787 65.573944 6.883964
v -4.512248 58.524429 6.564549
v 0.000183 65.457680 7.990195
v 3.735179 72.384201 5.889322
v 3.804149 65.573921 6.883982
v 6.933734 72.104027 3.024107
v 7.992655 65.102768 4.296171
v 0.000151 57.342194 7.850136
v 0.000146 55.152294 6.575996
v -1.268597 54.188919 4.084093
v -0.238233 54.193001 0.681163
v -9.089203 44.587517 3.694134
v -10.671181 44.571568 0.040002
v -2.153466 44.536732 -3.769817
v -5.728633 44.550774 -4.821714
v -8.997145 44.548420 -3.591185
v -9.466005 35.229729 -0.508022
v -8.120476 35.044121 2.267533
v -5.393445 44.565071 5.280174
v -2.240736 44.543285 3.233058
v -1.167578 44.153191 -0.148385
v -2.973351 35.483040 2.985137
v -1.926320 35.552773 0.348144
v -3.762861 30.975906 1.437269
v -6.058053 34.626202 3.616666
v -6.475821 34.138893 -5.357369
v -2.636159 33.870499 -3.763124
v -3.474043 25.198811 -6.638422
v -7.548354 24.880909 -7.337547
v -8.719943 34.067089 -3.614894
v -6.293903 30.531778 2.463184
v -8.125742 30.883907 1.087945
v -9.103086 31.499950 -1.441092
v -8.979048 21.276976 -4.868550
v -6.915196 5.844520 -6.837578
v -4.676437 6.103902 -6.304824
v -2.336910 21.432465 -4.204170
v -2.968525 26.939955 -3.084206
v -2.498241 31.140324 -0.747114
v -6.755915 19.906691 0.075969
v -8.470173 19.890295 -1.392527
v -3.153798 15.223756 -3.223072
v -3.859531 6.258733 -3.712871
v -7.553390 5.453611 -3.245017
v -6.211297 5.879579 -1.304080
v -4.896095 5.904825 -1.665748
v -3.966978 20.031124 -0.971974
v -4.674110 78.994682 -7.901502
v 4.356281 105.746117 3.559591
v 3.990307 106.647835 4.063093
v 3.256430 106.258858 5.474952
v 4.539446 106.552399 1.103956
v 4.756133 104.548820 1.266304
v 3.535933 103.732452 5.067715
v 1.676846 106.292831 6.734233
v 2.572711 106.819588 5.897943
v 1.963642 107.737900 5.936937
v 3.820777 107.750137 -0.672921
v 4.172268 107.797226 1.317537
v 4.077523 105.070068 -1.874107
v 4.640927 101.649757 -0.186458
v 4.261163 100.406929 1.823018
v 3.022702 100.950478 4.773114
v 2.628420 102.543159 5.598637
v 1.545591 103.762894 6.572727
v -0.036885 104.095543 6.738335
v -0.905372 105.420578 6.982737
v -1.620563 103.784492 6.544626
v -3.325621 105.252502 5.449787
v -3.584108 103.781013 5.004519
v -4.725397 104.613495 1.182148
v -4.296928 100.465302 1.747058
v -3.103724 100.992264 4.718737
v -2.702469 102.579521 5.551322
v 2.884160 99.039070 4.390164
v 2.689189 106.870132 -3.329212
v 3.382730 108.677795 -0.886820
v 2.169088 105.736511 -4.060369
v 1.105162 107.706963 -3.706993
v -4.581300 105.866974 1.285225
v -3.884892 105.731331 -2.010973
v -4.020527 106.445465 -1.398735
v 3.027717 96.552521 2.270717
v 3.737688 97.806877 -0.775841
v 3.911036 100.897499 -3.060531
v 2.442978 101.549973 -4.617788
v 0.050581 101.637047 -5.005486
v 0.076850 105.872589 -4.710115
v 0.768287 109.226044 -2.775908
v 1.883097 96.100471 0.750156
v 1.666761 95.392632 3.972931
v -0.050499 94.992256 1.276264
v -0.072715 94.834999 3.658335
v -2.769893 109.054497 -1.418395
v -1.477574 110.284431 -1.066636
v -1.437685 108.503822 -2.822546
v -2.028254 105.765137 -4.097624
v -3.853516 100.950462 -3.129447
v -4.623980 101.712952 -0.268691
v -3.762921 97.858040 -0.842416
v -3.124313 96.594482 2.216115
v -1.959156 96.126678 0.716053
v -1.809732 95.416344 3.942075
v -0.082060 94.995682 4.834696
v 1.476526 96.909279 5.157819
v -2.984493 99.079102 4.338075
v -1.619889 96.930405 5.130336
v -0.079724 96.309891 5.581567
v -2.349289 101.582664 -4.660323
v -19.828243 58.994934 -8.996344
v -19.372280 59.570206 -8.227826
v -17.580830 59.708672 -9.235868
v -20.768806 57.432873 -6.389246
v -20.247955 58.520485 -5.553503
v -19.983444 55.796501 -4.275248
v -20.089037 56.091015 -6.729410
v -19.124546 57.859409 -9.341624
v -16.120506 57.812969 -9.164069
v -15.645933 60.516403 -8.514297
v -14.422241 59.026356 -8.333818
v -15.511019 61.741531 -6.294478
v -13.929991 59.999756 -5.906427
v -15.178329 59.240494 -5.400462
v -17.355293 58.060528 -7.247058
v -18.768463 56.553341 -7.908484
v -17.235312 60.636139 -4.667334
v -19.143991 55.204788 -5.444344
v -19.018433 55.118816 -3.865461
v -18.817144 57.198845 -3.330122
v -18.366581 58.669270 -4.529444
v -17.862755 59.500446 -7.439111
v -17.001842 60.502037 -7.273833
v -17.129486 61.280964 -5.580927
v -17.228918 63.282967 -5.238879
v -15.040293 62.770203 -4.308661
v -17.458906 57.357388 -4.293947
v -18.013592 56.191730 -3.178018
v -16.927263 64.358414 -3.950339
v -15.248878 62.109711 -3.266261
v -17.576084 64.105881 -2.471774
v -16.517656 61.069176 -3.015425
v -18.592281 62.376961 -2.997580
v -20.032570 65.659271 -4.529777
v -21.180138 63.995640 -5.167723
v -21.419010 66.562424 -8.788048
v -19.660503 65.976402 -8.762970
v -18.990351 65.474625 -4.980407
v -18.951607 64.139702 -5.982459
v -19.362350 64.409027 -8.685035
v -19.583025 63.189571 -6.281928
v -20.558342 63.316456 -9.593600
v -22.355574 64.626839 -10.000831
v -19.838829 66.923218 -11.456009
v -17.194546 66.214050 -9.379490
v -18.663313 63.784237 -11.827460
v -19.313938 65.467461 -13.165656
v -16.107174 66.213707 -12.468887
v -16.238155 64.414413 -11.400367
v -16.242853 65.050667 -9.089690
v -14.774195 76.965675 -3.173211
v -14.325408 74.276840 -4.374848
v -12.766677 73.226608 -4.852366
v -13.431563 74.294769 -5.549822
v -12.777828 74.314606 -5.024469
v -12.111235 73.467339 -9.369580
v -11.444571 71.555710 -9.212209
v -18.854568 72.588310 -11.463393
v -18.400776 70.900101 -10.950971
v -20.519485 71.328545 -7.730375
v -19.371191 69.972343 -8.409683
v -15.899502 67.480042 -4.721099
v -16.519983 68.404602 -6.111209
v -13.812946 65.570351 -8.107445
v -13.538061 67.460243 -9.147987
v -15.839518 67.655403 -10.067245
v -15.440484 73.613358 -9.728162
v -18.991276 73.335724 -9.013173
v -15.627225 72.481270 -10.577383
v -18.331387 71.311844 -8.918136
v -15.867794 69.619835 -6.667381
v -13.619917 69.265289 -5.633750
v -14.149179 67.690582 -4.281337
v -18.192574 70.776230 -3.989596
v -17.618843 71.993103 -4.623470
v -18.308548 72.447952 -8.682623
v -17.007645 71.861061 -5.743979
v -19.029074 67.258957 -11.401482
v -20.050907 67.982025 -8.920380
v -16.088221 71.868324 -10.410946
v -18.547325 61.165424 -8.340406
v -19.023676 58.892509 -5.329440
v -18.861824 58.349842 -7.833849
v -14.652147 80.428551 -0.780457
v -16.071613 76.363556 -4.060258
v -11.528885 78.536690 -2.084251
v -18.151920 78.116501 -5.588352
v -17.480377 83.500687 -3.981373
v -16.486599 83.986160 -8.107203
v -12.677060 82.505280 -9.658693
v -11.486538 79.162186 -7.587455
v -13.263958 75.597954 -9.032907
v -15.304745 76.608139 -9.455033
v -18.224106 73.448616 -8.314677
v -19.165752 67.953255 -5.807563
v -17.740772 62.933559 -4.347411
v -13.002254 74.625839 -5.157179
v -15.406164 71.834602 -5.931756
v -18.085720 73.454643 -5.681022
v -14.900202 67.250153 -6.282009
v -17.273676 67.625252 -4.832954
v -16.098396 62.730415 -5.031729
v -17.651787 78.050117 -7.965230
v -17.202593 57.834927 -3.385774
v -15.721046 58.488785 -3.956290
v -16.227737 57.993828 -7.257177
v -16.499584 66.613647 -10.586601
v -15.199503 71.675278 -8.958325
v -15.769175 71.461708 -10.534241
v -0.805396 116.986290 8.332649
v -2.247244 117.600212 8.331747
v -0.877037 117.574287 8.446665
v -0.645863 112.990150 6.426929
v -0.352307 112.702171 7.767735
v -0.689389 113.991280 6.624171
v -3.826200 112.814423 7.228446
v -3.845939 119.046837 8.515618
v -2.796278 119.031883 8.591769
v -0.725861 117.269531 7.317875
v -2.704697 113.105728 6.145768
v -3.569624 113.306793 5.299071
v -2.670076 113.223831 5.688724
v -7.725406 3.131805 -2.804282
v -4.041934 0.000059 -3.929358
v -4.702689 0.000031 -7.480354
v -7.302105 0.000045 -7.434299
v -8.249971 0.000079 -4.333023
v -6.780057 0.000193 8.529953
v -3.831916 0.000178 8.595974
v -6.508824 1.612597 8.150101
v -3.935739 1.578445 8.108318
v -3.905464 0.000110 1.480165
v -4.606024 3.777340 -0.245810
v -6.427465 3.830227 0.828534
v -8.559254 1.619904 -0.394020
v -9.261028 0.000150 2.608092
v -8.216261 1.594156 6.568027
v -9.133312 0.000186 6.403278
v -14.621162 48.361786 -7.283440
v -14.382851 48.233948 -3.525196
v -15.223347 47.255737 -3.888248
v -16.667772 49.905674 -2.997437
v -18.167303 54.448299 -2.815583
v -16.517818 55.260212 -1.823269
v -19.249107 54.896271 -4.951020
v -19.049717 55.421719 -8.437098
v -19.439175 52.993793 -7.961235
v -19.365974 52.404190 -5.379650
v -19.348503 50.437073 -8.418435
v -18.687771 49.520351 -5.544259
v -17.488031 48.332100 -9.110798
v -15.803892 47.399971 -6.782249
v -16.654665 48.970383 -8.971470
v -17.567169 49.187233 -2.758780
v -18.390192 51.499783 -2.797499
v -17.000839 51.388611 -3.122569
v -17.417799 53.243210 -2.534372
v -15.507208 52.508541 -1.522141
v -16.127567 53.090294 -3.243356
v -16.040012 52.026737 -3.124204
v -16.513012 51.946011 -1.995393
v -15.038801 50.571068 -1.916672
v -15.044504 52.578915 -2.667562
v -14.524307 50.301952 -2.846718
v -15.135683 53.878109 -2.768538
v -14.655649 55.398487 -3.689950
v -15.517862 50.001083 -3.025048
v -15.760170 50.352615 -2.046132
v 15.189433 59.623623 -0.212126
v 16.527773 56.796810 2.201622
v 16.711227 58.835190 -0.111582
v 14.073116 56.900253 1.234550
v 14.763184 55.533028 2.257040
v 17.639576 55.323097 -1.526701
v 16.049816 55.161457 -4.674158
v 16.385342 58.134357 -4.823885
v 17.630533 59.127682 -2.810081
v 17.521196 55.513195 0.898421
v 16.865183 54.544571 1.746537
v 15.504745 54.395962 3.570204
v 14.611523 54.319950 2.717322
v 14.749237 52.539242 3.902835
v 13.870535 52.189213 3.348323
v 17.368883 52.816757 -1.314720
v 17.501593 52.625916 1.581077
v 16.581453 50.125683 -0.509299
v 16.688576 50.484005 2.493623
v 13.559202 47.980789 -0.016422
v 16.166124 53.574272 2.907294
v 15.271469 53.513454 2.070426
v 15.390055 54.493618 1.657410
v 16.092741 52.695480 1.864484
v 15.762491 51.235527 2.481069
v 14.208735 48.466949 2.825207
v 12.235678 48.872574 -0.184082
v 13.382471 49.021515 -2.637173
v 14.113680 48.329620 -2.965683
v 16.016022 50.372383 -3.538616
v 16.396435 52.854309 -3.778553
v 13.547503 49.537697 3.284957
v 15.327698 52.169937 3.565413
v 14.667265 51.680569 2.883601
v 17.831142 66.965683 -8.734268
v 15.803314 65.962265 -10.347939
v 14.054210 71.134857 -10.374370
v 16.130455 60.800243 -5.878003
v 17.606325 73.323189 -5.580579
v 17.289261 77.672310 -5.462303
v 15.148863 76.147385 -3.842184
v 14.148010 80.386055 -0.646679
v 17.103371 83.129128 -3.975199
v 16.054749 83.600807 -8.089027
v 12.099911 82.406639 -9.519383
v 10.897120 79.218857 -7.401707
v 12.021917 75.401543 -8.879792
v 14.231461 76.285797 -9.360927
v 17.138494 72.910652 -8.657989
v 18.337109 67.724167 -5.629020
v 16.728683 77.593262 -7.825258
v 17.009254 67.952896 -3.949165
v 17.231791 63.449318 -2.488333
v 15.443138 63.420208 -2.405730
v 14.224031 67.740356 -4.215984
v 14.873437 72.038841 -4.991231
v 11.843615 74.609619 -4.818567
v 14.217516 58.393456 -3.202051
v 13.805252 65.971436 -8.480740
v 13.407328 71.252945 -7.995212
v 13.328487 70.617477 -9.975101
v 10.971294 78.686790 -1.881844
v 9.133299 0.000027 6.403284
v 6.780034 0.000035 8.529949
v 9.261026 0.000032 2.608098
v 3.831887 0.000048 8.595961
v 3.905460 0.000058 1.480152
v 4.041950 0.000066 -3.929368
v 8.249994 0.000049 -4.333019
v 7.302139 0.000058 -7.434297
v 4.702716 0.000070 -7.480361
v 2.445760 114.551064 4.746193
v 2.255070 110.855515 4.023089
v 2.027356 110.434792 6.243838
v 2.382378 114.073898 7.060774
v 4.843853 114.319427 4.886044
v 4.798002 113.891487 7.097297
v 3.671564 110.667732 4.095923
v 3.692854 111.228035 4.204972
v 4.682879 111.199783 4.275624
v 4.739173 111.140854 4.609088
v 4.417260 106.512657 5.653482
v 4.533213 106.857452 3.869205
v -16.898373 53.385170 -5.139704
v -16.856424 56.157135 -8.416033
v -17.879675 52.753143 -8.466538
v -18.161427 51.053513 -8.561065
v 1.072227 114.759148 -0.951931
v 1.157323 112.307068 -1.359880
v 2.546643 114.766815 -0.885496
v 1.223603 111.057854 -1.563981
v 2.710557 111.016396 -1.521848
v -1.435382 112.232529 -0.619594
v -1.492554 114.653709 -0.147699
v -1.425715 112.096222 0.205821
v -1.606483 114.432953 1.413269
v -1.591276 110.407074 0.584586
v -1.524033 110.480637 -0.116399
v -2.618643 111.402473 3.229672
v 0.056343 114.500984 4.128264
v -0.089102 111.094513 3.473950
v -2.488813 114.579323 3.955189
v -4.166788 110.582466 2.862994
v -4.132696 111.473030 3.034915
v -1.658906 109.966873 3.038799
v 1.461005 110.910057 3.507073
v 1.377399 110.263557 3.324821
v -0.264241 110.538994 6.015962
v -0.122425 113.853363 6.654159
v -2.665176 114.078163 6.330092
v -3.682451 110.949280 5.457877
v -4.308617 110.971893 5.415092
v -3.719352 110.057915 5.425159
v -4.342559 110.073509 5.244891
v -3.635178 111.041206 5.027263
v -2.765562 110.960960 5.312964
v 1.579895 111.138359 1.877967
v 2.925395 110.859970 1.924434
v 3.446001 110.952263 1.968753
v 3.367366 110.877792 -0.358626
v 2.862864 110.823502 0.072818
v 3.135057 110.909195 -2.332276
v 2.735456 111.155884 -2.416701
v 1.244260 110.778183 0.215242
v 1.118109 112.019775 0.380469
v -0.838063 116.848862 8.865013
v -0.871963 117.420601 8.982195
v -2.311967 117.355972 9.206749
v -2.860663 118.836693 9.466592
v -0.904796 117.326889 9.322580
v -3.986855 105.357994 6.690960
v -3.910313 118.852188 9.390168
v -0.829368 109.836525 7.667411
v -3.892028 105.305954 5.756638
v -3.968224 109.797844 6.593209
v 14.862414 51.071732 -3.326119
v 14.140584 56.278313 -3.996439
v 15.313199 54.253777 -0.394755
v 14.751732 52.792473 -3.557043
v 1.819855 117.174225 7.531433
v 0.862154 116.776955 9.005564
v 1.704416 116.737350 9.088728
v 0.871762 109.795303 7.814334
v -0.828451 119.408501 10.177690
v -0.771863 119.553421 9.404748
v -0.910292 117.464241 9.792582
v 0.944523 119.495857 9.522264
v 0.887919 119.349487 10.295583
v -0.890433 110.258743 8.251563
v 0.823923 110.221451 8.376632
v 12.330355 65.959595 -4.976851
v 15.802420 68.089310 -3.280666
v 14.424177 68.703072 -2.268207
v 14.995113 62.601124 -9.685821
v 17.000790 63.701878 -7.336470
v 13.038027 63.740746 -8.531714
v 14.067953 64.814354 -6.652701
v 15.858290 68.586273 -4.990085
v 17.746227 69.191971 -8.614748
v 9.869455 71.547447 -8.792379
v 11.488657 73.240181 -4.448634
v 11.591768 74.319550 -4.666047
v 13.269494 71.612213 -10.281814
v 15.911715 69.723045 -11.143277
v 16.642475 70.540680 -9.051347
v 19.366606 70.533310 -8.698118
v 18.516964 71.078659 -4.067400
v 13.513185 70.045479 -3.667091
v 11.807305 67.620697 -6.279586
v 12.625422 65.282516 -9.891524
v 15.165271 63.832912 -11.556922
v 16.458717 71.256409 -12.297362
v 17.760183 72.214653 -4.620034
v 17.574160 72.467674 -9.856705
v 10.712311 73.400284 -9.042248
v 17.605438 62.247963 -8.321429
v 19.170511 63.095524 -9.716128
v 16.483017 65.478767 -10.622954
v 13.516808 67.199615 -8.034615
v 15.139934 69.764771 -5.543770
v 16.673901 71.923630 -5.501083
v 16.853584 71.719727 -9.068843
v 13.525908 72.918167 -9.662548
v 12.271629 74.258217 -5.225405
v 13.910071 76.868805 -2.930857
v 13.179785 74.186172 -4.040250
v 18.105083 62.968472 -4.979918
v 20.085340 63.672081 -4.820235
v 19.000542 65.373550 -8.780089
v 14.905922 65.700081 -7.578147
v 17.372154 65.139397 -7.925742
v 19.459820 65.612389 -4.241057
v 18.520346 63.026543 -1.479480
v 16.019146 61.725250 -2.916594
v 16.424854 63.701698 -3.169478
v 17.742237 64.059212 -4.715842
v 12.222906 59.504997 -3.722723
v 12.881954 61.018120 -1.635111
v 14.296881 62.324532 -3.040564
v 14.156956 60.158241 -1.474432
v 15.364226 63.333012 -0.353904
v 16.526293 62.147675 -0.354300
v 17.971992 64.982986 -1.067275
v 18.313101 65.537018 -4.188743
v 14.794568 63.798531 -1.366401
v 16.786289 65.050003 -2.190009
v 18.610357 58.498829 -3.386194
v 18.636181 57.188923 -4.046587
v 16.785839 59.135509 -5.685532
v 18.674282 56.182331 -1.448745
v 18.138418 57.936161 -0.522974
v 17.353901 59.194286 -1.789934
v 15.747614 59.504890 -4.385126
v 14.755814 59.397831 -5.920180
v 15.125481 60.660648 -4.164366
v 13.380610 60.676689 -4.741095
v 13.303831 57.857788 -4.801509
v 15.246089 58.251518 -3.646685
v 16.443193 61.268013 -1.982378
v 16.825354 58.344028 -6.393627
v 17.763790 55.955215 -3.737882
v 17.373840 55.534061 -2.005722
v 17.916449 55.790432 -0.537401
v 17.389835 57.145905 0.182883
v 16.520094 58.146687 -0.891230
v 15.946933 57.312260 -6.133509
v 16.115170 56.408031 -4.389719
v 2.834898 110.133453 0.048978
v 1.543930 110.299988 1.713750
v 2.858234 109.940384 1.742671
v -4.126481 111.075905 0.532109
v 1.089243 112.423035 -2.052331
v -1.249779 112.494957 -2.215499
v 3.463528 112.377075 2.093745
v 3.633969 112.531693 -0.148811
v 4.425536 112.298080 2.112584
v 4.594899 112.454147 -0.129379
v 4.378338 111.588120 2.010955
v 3.615319 111.600891 2.016419
v 1.094157 114.877068 -1.586673
v 1.126124 115.496513 -2.394771
v 1.098319 115.345154 -1.919016
v 2.548200 114.873283 -1.479370
v 2.532010 115.329704 -1.770502
v 2.526661 115.457108 -2.163763
v 8.559278 1.619827 -0.393997
v 6.427502 3.830158 0.828575
v 8.216261 1.594005 6.568048
v 6.508817 1.612446 8.150114
v 3.935730 1.578320 8.108328
v 4.606067 3.777301 -0.245777
v 7.725452 3.131764 -2.804245
v -5.179286 105.255592 5.843975
v -5.329057 109.733498 6.696445
v -5.064845 106.879326 -1.383970
v -5.215318 111.272636 -0.509744
v -4.044193 111.314751 -0.589652
v 2.285083 100.916100 4.703667
v 1.095214 101.540207 1.171685
v 2.199733 99.448357 4.401696
v 1.341455 97.495560 4.700647
v -0.072246 96.769852 5.092514
v -0.024517 98.422668 0.985254
v -0.003805 101.589020 1.085005
v -2.294860 99.479019 4.361802
v -1.468739 97.514725 4.675703
v 2.166878 102.250511 5.191229
v 0.019716 104.837990 0.931837
v -1.104752 101.555214 1.152157
v -2.365526 100.947823 4.662388
v -2.237803 102.280556 5.152134
v -0.031871 104.110153 6.184620
v 1.477547 103.466759 5.933960
v -1.545238 103.487373 5.907129
v 4.954576 111.156029 4.508616
v 4.864597 111.586472 1.969277
v 4.764763 106.044090 3.647257
v 2.962953 95.789696 -0.338207
v -0.002249 94.430832 1.433727
v -2.965009 95.791733 -0.340850
v 2.675067 97.397575 -5.280177
v 0.001880 97.379509 -5.273100
v -2.671290 97.399414 -5.282561
v -4.036695 114.726921 -0.323789
v -4.150578 114.506081 1.238966
vt 0.682129 0.679688
vt 0.687988 0.702637
vt 0.707520 0.642090
vt 0.778320 0.584473
vt 0.695312 0.596680
vt 0.742188 0.552246
vt 0.678711 0.562500
vt 0.792969 0.529785
vt 0.728027 0.520020
vt 0.773926 0.495850
vt 0.750488 0.766113
vt 0.730469 0.674316
vt 0.782715 0.641602
vt 0.834961 0.588379
vt 0.834961 0.525879
vt 0.876953 0.529785
vt 0.891602 0.584961
vt 0.927734 0.552246
vt 0.974609 0.597168
vt 0.991211 0.562988
vt 0.941895 0.520508
vt 0.896484 0.496094
vt 0.961914 0.642578
vt 0.887207 0.642090
vt 0.834961 0.671875
vt 0.783691 0.687988
vt 0.834473 0.765625
vt 0.834473 0.812012
vt 0.918457 0.766602
vt 0.922852 0.804199
vt 0.885742 0.913086
vt 0.834473 0.910645
vt 0.834473 0.958008
vt 0.783203 0.913086
vt 0.746582 0.803711
vt 0.938965 0.674805
vt 0.981445 0.703125
vt 0.957031 0.802246
vt 0.926270 0.914551
vt 0.887695 0.960938
vt 0.839355 0.994141
vt 0.829102 0.994141
vt 0.780762 0.960449
vt 0.742188 0.914062
vt 0.711914 0.801758
vt 0.690918 0.889648
vt 0.680664 0.943848
vt 0.733887 0.958984
vt 0.934570 0.958984
vt 0.987793 0.944336
vt 0.978027 0.890137
vt 0.987305 0.680176
vt 0.622070 0.843750
vt 0.627441 0.777344
vt 0.567383 0.929688
vt 0.595703 0.934082
vt 0.397949 0.661133
vt 0.401611 0.710938
vt 0.424805 0.656738
vt 0.441650 0.776855
vt 0.454590 0.658691
vt 0.473389 0.774902
vt 0.479492 0.657227
vt 0.497070 0.776855
vt 0.533691 0.767578
vt 0.503418 0.929199
vt 0.542480 0.928711
vt 0.566895 0.738281
vt 0.606445 0.738281
vt 0.640625 0.720703
vt 0.615234 0.643555
vt 0.648926 0.673828
vt 0.661133 0.625977
vt 0.630371 0.520508
vt 0.394043 0.613281
vt 0.478516 0.923828
vt 0.464355 0.924805
vt 0.425537 0.832031
vt 0.400879 0.770020
vt 0.440186 0.925293
vt 0.592285 0.514160
vt 0.557129 0.509766
vt 0.569824 0.637695
vt 0.539551 0.632324
vt 0.507812 0.612305
vt 0.510254 0.655762
vt 0.666504 0.533691
vt 0.698730 0.431396
vt 0.657227 0.413818
vt 0.611816 0.379395
vt 0.567383 0.375732
vt 0.519043 0.506836
vt 0.475586 0.610352
vt 0.450928 0.613770
vt 0.420410 0.606445
vt 0.381836 0.526367
vt 0.412354 0.513184
vt 0.485840 0.504395
vt 0.447510 0.506836
vt 0.360107 0.419434
vt 0.394287 0.408447
vt 0.425781 0.356934
vt 0.463867 0.348145
vt 0.515625 0.368652
vt 0.083191 0.778320
vt 0.119629 0.726074
vt 0.144897 0.767090
vt 0.083496 0.715820
vt 0.081482 0.833984
vt 0.038116 0.808594
vt 0.066895 0.771484
vt 0.034241 0.716309
vt 0.072388 0.617676
vt 0.017914 0.736816
vt 0.119446 0.930176
vt 0.082581 0.890137
vt 0.155396 0.865723
vt 0.030991 0.846680
vt 0.013580 0.880371
vt 0.202881 0.816406
vt 0.203247 0.763184
vt 0.061859 0.474365
vt 0.117981 0.492676
vt 0.111877 0.554199
vt 0.065613 0.529785
vt 0.107483 0.633301
vt 0.110596 0.690918
vt 0.155518 0.718262
vt 0.203491 0.723145
vt 0.261475 0.767578
vt 0.249512 0.866211
vt 0.202515 0.865234
vt 0.156006 0.690918
vt 0.203613 0.705078
vt 0.251465 0.719238
vt 0.287354 0.727539
vt 0.322998 0.779785
vt 0.323975 0.835449
vt 0.322021 0.892090
vt 0.284668 0.931152
vt 0.374268 0.849121
vt 0.391113 0.882812
vt 0.367676 0.810547
vt 0.339355 0.773438
vt 0.323486 0.717773
vt 0.296875 0.692383
vt 0.251465 0.691895
vt 0.203979 0.653809
vt 0.157715 0.638184
vt 0.163330 0.561035
vt 0.335938 0.619141
vt 0.372803 0.718750
vt 0.388916 0.739258
vt 0.158691 0.488770
vt 0.204590 0.561523
vt 0.250488 0.638672
vt 0.245972 0.561523
vt 0.300781 0.634766
vt 0.297607 0.555664
vt 0.344238 0.531738
vt 0.348633 0.476562
vt 0.292236 0.493896
vt 0.251465 0.489502
vt 0.205200 0.485352
vt 0.205322 0.463135
vt 0.191772 0.438721
vt 0.219238 0.438965
vt 0.203125 0.400391
vt 0.208374 0.400391
vt 0.211792 0.350586
vt 0.200439 0.350586
vt 2.486328 0.504395
vt 2.425781 0.356934
vt 2.462891 0.348145
vt 2.515625 0.368652
vt 2.519531 0.506836
vt 2.568359 0.375732
vt 2.658203 0.413818
vt 2.699219 0.431396
vt 2.630859 0.520508
vt 2.611328 0.379395
vt 2.591797 0.514160
vt 2.556641 0.509766
vt 2.507812 0.612305
vt 2.474609 0.610352
vt 2.447266 0.506836
vt 2.394531 0.408447
vt 2.412109 0.513184
vt 2.359375 0.419434
vt 2.380859 0.526367
vt 2.419922 0.606445
vt 2.394531 0.613281
vt 2.425781 0.656738
vt 2.451172 0.613770
vt 2.570312 0.637695
vt 2.615234 0.643555
vt 2.605469 0.738281
vt 2.566406 0.738281
vt 2.539062 0.632324
vt 2.455078 0.658691
vt 2.480469 0.657227
vt 2.509766 0.655762
vt 2.533203 0.767578
vt 2.542969 0.928711
vt 2.568359 0.929688
vt 2.626953 0.777344
vt 2.640625 0.720703
vt 2.648438 0.673828
vt 2.660156 0.625977
vt 2.666016 0.533691
vt 2.472656 0.774902
vt 2.496094 0.776855
vt 2.621094 0.843750
vt 2.595703 0.934082
vt 2.503906 0.929199
vt 2.478516 0.923828
vt 2.464844 0.924805
vt 2.441406 0.776855
vt 2.398438 0.661133
vt 2.402344 0.710938
vt 2.400391 0.770020
vt 2.425781 0.832031
vt 2.439453 0.925293
vt 0.885742 0.688477
vt 0.460938 0.314453
vt 0.456055 0.326660
vt 0.437012 0.328369
vt 0.492432 0.306152
vt 0.478760 0.289062
vt 0.435303 0.301270
vt 0.412598 0.333496
vt 0.427490 0.336670
vt 0.423828 0.348145
vt 0.518066 0.303223
vt 0.500977 0.317871
vt 0.510254 0.272705
vt 0.476318 0.252441
vt 0.453613 0.253174
vt 0.425781 0.273682
vt 0.420898 0.291260
vt 0.406982 0.306641
vt 0.388184 0.312500
vt 0.377441 0.327637
vt 0.368164 0.308838
vt 0.340576 0.319092
vt 0.340332 0.302490
vt 0.297363 0.289551
vt 0.323242 0.254150
vt 0.350586 0.275146
vt 0.354736 0.292969
vt 0.422119 0.257568
vt 0.539062 0.277100
vt 0.527832 0.309326
vt 0.540527 0.261475
vt 0.559570 0.276855
vt 0.291504 0.301270
vt 0.260254 0.278809
vt 0.262451 0.289551
vt 0.424316 0.223511
vt 0.457031 0.212158
vt 0.496826 0.227417
vt 0.519043 0.221191
vt 0.542480 0.210083
vt 0.562500 0.251709
vt 0.569824 0.293701
vt 0.421387 0.201904
vt 0.404053 0.226074
vt 0.388184 0.196655
vt 0.388428 0.217529
vt 0.230957 0.305908
vt 0.213013 0.314697
vt 0.217896 0.287842
vt 0.235352 0.259766
vt 0.280029 0.228271
vt 0.300049 0.253174
vt 0.319336 0.213257
vt 0.352295 0.224487
vt 0.354736 0.202637
vt 0.372803 0.226440
vt 0.388428 0.231201
vt 0.402588 0.250732
vt 0.354736 0.258545
vt 0.374512 0.251221
vt 0.388672 0.250977
vt 0.192627 0.286133
vt 0.213867 0.249268
vt 0.235474 0.208618
vt 0.258545 0.220947
vt 2.919922 0.061096
vt 2.916016 0.049896
vt 2.900391 0.054108
vt 2.951172 0.069092
vt 2.949219 0.053009
vt 2.978516 0.074036
vt 2.955078 0.088257
vt 2.923828 0.075745
vt 2.902344 0.086121
vt 2.878906 0.056824
vt 2.886719 0.076294
vt 2.851562 0.048828
vt 2.867188 0.076355
vt 2.867188 0.096863
vt 2.900391 0.112427
vt 2.935547 0.100830
vt 2.849609 0.117371
vt 2.970703 0.098999
vt 2.990234 0.074341
vt 2.976562 0.043304
vt 2.953125 0.030075
vt 2.904297 0.032013
vt 2.878906 0.036163
vt 2.851562 0.025055
vt 2.820312 0.032135
vt 2.833984 0.058533
vt 2.867188 0.009743
vt 2.917969 0.014267
vt 2.966797 0.020370
vt 2.990234 0.042542
vt 2.931641 0.127197
vt 2.964844 0.136841
vt 2.986328 0.111145
vt 2.984375 0.130859
vt 2.814453 0.051178
vt 2.835938 0.073181
vt 2.814453 0.070190
vt 2.839844 0.093872
vt 2.824219 0.095398
vt 2.789062 0.063416
vt 2.796875 0.090759
vt 2.750000 0.057129
vt 2.738281 0.036591
vt 2.787109 0.047852
vt 2.785156 0.028107
vt 2.740234 0.020004
vt 2.794922 0.120911
vt 2.835938 0.127319
vt 2.820312 0.142822
vt 2.794922 0.136963
vt 2.750000 0.136108
vt 2.755859 0.113892
vt 2.753906 0.085144
vt 2.720703 0.056702
vt 2.689453 0.030838
vt 2.724609 0.106140
vt 2.716797 0.081787
vt 2.695312 0.081055
vt 2.703125 0.107117
vt 2.685547 0.128906
vt 2.375000 0.072571
vt 2.408203 0.067627
vt 2.417969 0.050568
vt 2.416016 0.078186
vt 2.406250 0.088501
vt 2.468750 0.074341
vt 2.466797 0.100952
vt 2.501953 0.087830
vt 2.503906 0.109863
vt 2.544922 0.097351
vt 2.546875 0.124512
vt 2.619141 0.114441
vt 2.613281 0.128784
vt 2.666016 0.100708
vt 2.660156 0.070312
vt 2.671875 0.051270
vt 2.470703 0.056976
vt 2.523438 0.065674
vt 2.406250 0.101807
vt 2.458984 0.117676
vt 2.513672 0.136597
vt 2.691406 0.014854
vt 2.626953 0.023270
vt 2.615234 0.039886
vt 2.625000 0.067505
vt 2.626953 0.093506
vt 2.583984 0.084351
vt 2.583984 0.067810
vt 2.529297 0.050842
vt 2.476562 0.039246
vt 2.546875 0.034210
vt 2.582031 0.056061
vt 2.566406 0.015915
vt 2.705078 0.181152
vt 2.714844 0.208496
vt 2.759766 0.180420
vt 2.642578 0.215332
vt 2.619141 0.250732
vt 2.611328 0.226318
vt 2.878906 0.313721
vt 2.826172 0.305420
vt 2.867188 0.352783
vt 2.830078 0.268311
vt 2.892578 0.265137
vt 2.882812 0.225098
vt 2.974609 0.274658
vt 2.970703 0.237915
vt 2.943359 0.208374
vt 2.873047 0.191040
vt 2.904297 0.177002
vt 2.849609 0.167603
vt 2.804688 0.177368
vt 2.812500 0.205811
vt 2.773438 0.226318
vt 2.716797 0.242554
vt 2.662109 0.267090
vt 2.808594 0.396240
vt 2.853516 0.410156
vt 2.816406 0.351074
vt 2.767578 0.296143
vt 2.777344 0.268311
vt 2.716797 0.296143
vt 2.716797 0.265625
vt 2.664062 0.287842
vt 2.824219 0.241089
vt 2.607422 0.274170
vt 2.615234 0.288086
vt 2.617188 0.317383
vt 2.710938 0.346436
vt 2.767578 0.339600
vt 2.763672 0.368408
vt 2.763672 0.392822
vt 2.712891 0.375244
vt 2.644531 0.349854
vt 2.613281 0.343750
vt 0.051605 0.970215
vt 0.035919 0.976562
vt 0.050720 0.976562
vt 0.072388 0.927246
vt 0.057709 0.923828
vt 0.070190 0.937988
vt 0.019852 0.923340
vt 0.018372 0.991699
vt 0.029709 0.991699
vt 0.062561 0.973145
vt 0.052490 0.909668
vt 0.030106 0.909668
vt 0.019562 0.901367
vt 0.029755 0.904297
vt 2.091797 0.332031
vt 2.076172 0.348877
vt 2.109375 0.346191
vt 2.078125 0.301025
vt 2.070312 0.255371
vt 2.015625 0.267334
vt 2.074219 0.280273
vt 2.019531 0.300049
vt 2.029297 0.322510
vt 2.041016 0.349609
vt 2.107422 0.461426
vt 2.136719 0.458740
vt 2.111328 0.447754
vt 2.128906 0.445068
vt 2.162109 0.403076
vt 2.130859 0.367920
vt 2.187500 0.355713
vt 2.134766 0.322754
vt 2.121094 0.341553
vt 2.109375 0.377930
vt 2.072266 0.379395
vt 2.068359 0.414307
vt 2.097656 0.439209
vt 2.083984 0.446533
vt 2.121094 0.311768
vt 2.156250 0.307861
vt 2.152344 0.296143
vt 2.164062 0.295410
vt 2.164062 0.266602
vt 2.146484 0.211548
vt 2.154297 0.193970
vt 2.130859 0.178589
vt 2.119141 0.214722
vt 2.101562 0.178467
vt 2.080078 0.191162
vt 2.083984 0.220459
vt 2.093750 0.242065
vt 2.121094 0.240845
vt 2.095703 0.262695
vt 2.125000 0.265625
vt 2.097656 0.288086
vt 2.125000 0.297119
vt 2.097656 0.298828
vt 2.152344 0.268311
vt 2.150391 0.245605
vt 2.164062 0.246460
vt 2.156250 0.217163
vt 2.179688 0.202881
vt 2.169922 0.228882
vt 2.183594 0.224365
vt 2.179688 0.213867
vt 2.197266 0.206543
vt 2.183594 0.192993
vt 2.203125 0.199707
vt 2.173828 0.187134
vt 2.166016 0.171753
vt 2.134766 0.162354
vt 2.205078 0.214478
vt 2.205078 0.205322
vt 2.195312 0.213135
vt 2.201172 0.221069
vt 0.134888 0.162354
vt 0.154907 0.193970
vt 0.130127 0.178589
vt 0.165039 0.171753
vt 0.173462 0.187134
vt 0.118652 0.214722
vt 0.083313 0.220459
vt 0.080322 0.191162
vt 0.102234 0.178467
vt 0.145996 0.211548
vt 0.156738 0.217163
vt 0.179565 0.202881
vt 0.183960 0.192993
vt 0.196533 0.206543
vt 0.203003 0.199707
vt 0.121277 0.240845
vt 0.151123 0.245605
vt 0.125854 0.265625
vt 0.152832 0.268311
vt 0.124268 0.297119
vt 0.180054 0.213867
vt 0.182739 0.224365
vt 0.170044 0.228882
vt 0.164795 0.246460
vt 0.163818 0.266602
vt 0.151489 0.296143
vt 0.120972 0.311768
vt 0.097778 0.298828
vt 0.097229 0.288086
vt 0.096252 0.262695
vt 0.094666 0.242065
vt 0.163818 0.295410
vt 0.156372 0.307861
vt 0.195801 0.213135
vt 0.200439 0.221069
vt 0.205933 0.205322
vt 0.204956 0.214478
vt 0.715332 0.208496
vt 0.706055 0.181152
vt 0.760254 0.180420
vt 0.642090 0.215332
vt 0.618652 0.250732
vt 0.611816 0.226318
vt 0.777344 0.268311
vt 0.830566 0.268311
vt 0.825195 0.305420
vt 0.879395 0.313721
vt 0.892090 0.265137
vt 0.942871 0.296387
vt 0.974609 0.274658
vt 0.883301 0.225098
vt 0.971680 0.237915
vt 0.943848 0.208374
vt 0.873535 0.191040
vt 0.904297 0.177002
vt 0.850098 0.167603
vt 0.805664 0.177368
vt 0.812012 0.205811
vt 0.774414 0.226318
vt 0.717773 0.242554
vt 0.825195 0.241089
vt 0.716797 0.265625
vt 0.663086 0.267090
vt 0.663086 0.287842
vt 0.717773 0.296143
vt 0.767578 0.296143
vt 0.815430 0.351074
vt 0.608398 0.274170
vt 0.615234 0.288086
vt 0.616211 0.317383
vt 0.710938 0.346436
vt 0.768555 0.339600
vt 0.764160 0.368408
vt 0.808105 0.396240
vt 0.763672 0.392822
vt 0.712402 0.375244
vt 0.645020 0.349854
vt 0.614258 0.343750
vt 0.925293 0.338867
vt 0.867188 0.352783
vt 0.853027 0.410156
vt 0.894531 0.387939
vt 0.887695 0.417236
vt 0.123169 0.011444
vt 0.138428 0.029068
vt 0.095337 0.009865
vt 0.138428 0.050720
vt 0.086182 0.048981
vt 0.046509 0.047058
vt 0.044250 0.016113
vt 0.021317 0.022552
vt 0.020538 0.041626
vt 0.065247 0.097778
vt 0.065063 0.057159
vt 0.040588 0.057312
vt 0.039825 0.097656
vt 0.063904 0.123718
vt 0.039612 0.123718
vt 0.074585 0.164429
vt 0.089905 0.163330
vt 0.074646 0.158325
vt 0.089844 0.122803
vt 0.063965 0.157959
vt 0.060242 0.157959
vt 0.039612 0.204712
vt 0.059235 0.204712
vt 0.056396 0.210693
vt 0.040192 0.217651
vt 0.019485 0.202271
vt 0.027451 0.209106
vt 0.011719 0.163452
vt 0.013557 0.123169
vt 0.012428 0.192627
vt 2.324219 0.932617
vt 2.312500 0.961426
vt 2.341797 0.971680
vt 2.386719 0.971191
vt 2.367188 0.953125
vt 2.367188 0.972168
vt 2.341797 0.925293
vt 2.322266 0.907715
vt 2.349609 0.906738
vt 2.373047 0.920898
vt 2.371094 0.905273
vt 2.390625 0.917969
vt 2.390625 0.904297
vt 2.416016 0.904785
vt 2.416016 0.914551
vt 2.433594 0.933105
vt 2.406250 0.971680
vt 2.433594 0.967285
vt 2.357422 0.979492
vt 2.367188 0.984863
vt 2.376953 0.977051
vt 2.386719 0.996094
vt 2.392578 0.987793
vt 0.647461 0.935059
vt 0.647949 0.908691
vt 0.663574 0.935059
vt 0.648438 0.895020
vt 0.664062 0.894043
vt 0.592773 0.336914
vt 0.592773 0.310303
vt 0.583496 0.336426
vt 0.575684 0.309082
vt 0.575684 0.353516
vt 0.583008 0.354248
vt 0.730957 0.418701
vt 0.756836 0.455566
vt 0.758301 0.418213
vt 0.729492 0.453613
vt 0.714844 0.407715
vt 0.714355 0.417480
vt 0.742676 0.404053
vt 0.775391 0.417725
vt 0.774902 0.410400
vt 0.659668 0.982910
vt 0.660156 0.954590
vt 0.623535 0.981445
vt 0.622559 0.953613
vt 0.617188 0.981445
vt 0.595703 0.979980
vt 0.617188 0.992188
vt 0.594727 0.990723
vt 0.595215 0.953613
vt 0.544434 0.985840
vt 0.543945 0.979492
vt 0.535156 0.986816
vt 0.534180 0.979492
vt 0.534180 0.953613
vt 0.543945 0.953125
vt 0.550781 0.974609
vt 0.560059 0.954102
vt 0.560547 0.977051
vt 0.585449 0.975098
vt 0.584961 0.980469
vt 0.550781 0.979004
vt 0.010818 0.635742
vt 0.028931 0.608398
vt 0.012131 0.607910
vt 0.035522 0.638184
vt 0.037567 0.613770
vt 0.029877 0.590332
vt 0.044678 0.591309
vt 0.050354 0.591309
vt 0.049377 0.566406
vt 0.043915 0.571289
vt 0.047241 0.545410
vt 0.042358 0.553711
vt 0.042206 0.543945
vt 0.052948 0.614746
vt 0.026489 0.572754
vt 0.026367 0.553223
vt 0.012718 0.553223
vt 0.012939 0.572266
vt 2.021484 0.041626
vt 2.046875 0.047058
vt 2.021484 0.022552
vt 2.044922 0.016113
vt 2.095703 0.009865
vt 2.085938 0.048981
vt 2.138672 0.050720
vt 2.138672 0.029068
vt 2.123047 0.011444
vt 0.386719 0.132202
vt 0.386230 0.126221
vt 0.380371 0.132324
vt 0.379639 0.126343
vt 0.365234 0.136230
vt 0.364990 0.126343
vt 0.347900 0.135376
vt 0.348145 0.125610
vt 0.380371 0.136108
vt 0.268311 0.124084
vt 0.188477 0.133545
vt 0.336914 0.125244
vt 0.336670 0.134888
vt 0.237671 0.167725
vt 0.189575 0.166870
vt 0.320312 0.152100
vt 0.336426 0.146240
vt 0.320312 0.167358
vt 0.186035 0.123718
vt 0.235229 0.123413
vt 0.235718 0.110291
vt 0.245239 0.108887
vt 0.270020 0.102539
vt 0.245361 0.104126
vt 0.244507 0.094238
vt 0.269043 0.091980
vt 0.406006 0.971680
vt 0.386719 0.971191
vt 0.390625 0.917969
vt 0.349365 0.906738
vt 0.341553 0.925293
vt 0.322021 0.907715
vt 0.323242 0.932617
vt 0.341064 0.971680
vt 0.366455 0.953125
vt 0.367188 0.972168
vt 0.373047 0.920898
vt 0.371826 0.905273
vt 0.391113 0.904297
vt 0.415039 0.904785
vt 0.416260 0.914551
vt 0.432861 0.933105
vt 0.434326 0.967285
vt 0.312744 0.961426
vt 0.356445 0.979492
vt 0.367676 0.984863
vt 0.375977 0.977051
vt 0.386475 0.996094
vt 0.392334 0.987793
vt 0.372314 0.155396
vt 0.372559 0.166748
vt 0.399902 0.155151
vt 0.372803 0.172607
vt 0.391113 0.172485
vt 0.400146 0.172607
vt 0.475830 0.183838
vt 0.399658 0.181763
vt 0.515625 0.175659
vt 0.473633 0.158936
vt 0.437012 0.134888
vt 0.473389 0.134155
vt 0.502441 0.163086
vt 0.523926 0.203857
vt 0.475830 0.202271
vt 0.399902 0.127686
vt 0.435791 0.128784
vt 0.649902 0.140869
vt 0.649902 0.149414
vt 0.628418 0.141113
vt 0.668457 0.149292
vt 0.667969 0.140747
vt 0.625977 0.145874
vt 0.543457 0.148682
vt 0.548828 0.143311
vt 0.626465 0.149658
vt 0.650391 0.167847
vt 0.620117 0.150391
vt 0.620605 0.168701
vt 0.550293 0.177368
vt 0.650879 0.176392
vt 0.550293 0.195923
vt 0.542480 0.177368
vt 0.542480 0.195679
vt 0.544434 0.172485
vt 0.629883 0.195801
vt 0.650879 0.194946
vt 0.666504 0.100708
vt 0.619629 0.114441
vt 0.625977 0.093506
vt 0.724609 0.106140
vt 0.749512 0.136108
vt 0.703125 0.107117
vt 0.686523 0.128906
vt 0.612305 0.128784
vt 0.546387 0.124512
vt 0.466553 0.100952
vt 0.405762 0.101807
vt 0.406006 0.088501
vt 0.458984 0.117676
vt 0.504395 0.109863
vt 0.513184 0.136597
vt 0.544434 0.097351
vt 0.583984 0.084351
vt 0.625977 0.067505
vt 0.660645 0.070312
vt 0.694824 0.081055
vt 0.717285 0.081787
vt 0.501465 0.087830
vt 0.583496 0.067810
vt 0.523438 0.065674
vt 0.468018 0.074341
vt 0.755371 0.113892
vt 0.753906 0.085144
vt 0.720703 0.056702
vt 0.671387 0.051270
vt 0.614258 0.039886
vt 0.582520 0.056061
vt 0.528809 0.050842
vt 0.469971 0.056976
vt 0.416016 0.078186
vt 0.375244 0.072571
vt 0.546875 0.034210
vt 0.476807 0.039246
vt 0.418945 0.050568
vt 0.407715 0.067627
vt 0.795898 0.120911
vt 0.796387 0.090759
vt 0.750488 0.057129
vt 0.566406 0.015915
vt 0.626953 0.023270
vt 0.690430 0.030838
vt 0.737793 0.036591
vt 0.789062 0.063416
vt 0.824707 0.095398
vt 0.835938 0.127319
vt 0.819824 0.142822
vt 0.794922 0.136963
vt 0.886230 0.076294
vt 0.866699 0.076355
vt 0.851074 0.048828
vt 0.866699 0.096863
vt 0.836914 0.073181
vt 0.840820 0.093872
vt 0.814453 0.070190
vt 0.787109 0.047852
vt 0.785645 0.028107
vt 0.740234 0.020004
vt 0.692383 0.014854
vt 0.819824 0.032135
vt 0.851562 0.025055
vt 0.834473 0.058533
vt 0.813477 0.051178
vt 0.949707 0.053009
vt 0.950195 0.069092
vt 0.916504 0.049896
vt 0.978516 0.074036
vt 0.977051 0.043304
vt 0.952148 0.030075
vt 0.904297 0.032013
vt 0.899414 0.054108
vt 0.878418 0.036163
vt 0.878418 0.056824
vt 0.902832 0.086121
vt 0.901367 0.112427
vt 0.850098 0.117371
vt 0.920410 0.061096
vt 0.955078 0.088257
vt 0.971680 0.098999
vt 0.990234 0.074341
vt 0.989258 0.042542
vt 0.965820 0.020370
vt 0.916992 0.014267
vt 0.866699 0.009743
vt 0.923340 0.075745
vt 0.934570 0.100830
vt 0.931152 0.127197
vt 0.965332 0.136841
vt 0.986816 0.111145
vt 0.984863 0.130859
vt 0.233398 0.062073
vt 0.218750 0.044647
vt 0.233398 0.043701
vt 0.186401 0.065552
vt 0.185425 0.058014
vt 0.183716 0.031204
vt 0.156128 0.035248
vt 0.157349 0.060852
vt 0.216553 0.027359
vt 0.235840 0.011711
vt 0.243042 0.010376
vt 0.234863 0.029129
vt 0.244019 0.028091
vt 0.243408 0.042877
vt 0.240845 0.062622
vt 0.213013 0.109375
vt 0.187744 0.109802
vt 0.214233 0.101868
vt 0.214844 0.082886
vt 0.186768 0.092285
vt 0.187378 0.083313
vt 0.216309 0.069397
vt 0.233887 0.069458
vt 0.014412 0.514648
vt 0.030746 0.488281
vt 0.032471 0.512207
vt 0.015396 0.489502
vt 0.041138 0.488037
vt 0.042847 0.512207
vt 0.041077 0.480225
vt 0.032867 0.479980
vt 0.031433 0.472900
vt 0.985840 0.371338
vt 0.985352 0.344482
vt 0.978027 0.371338
vt 0.978516 0.344482
vt 0.969727 0.424561
vt 0.978027 0.406738
vt 0.968750 0.339355
vt 0.974121 0.340088
vt 0.966309 0.321045
vt 0.950684 0.322998
vt 0.951660 0.329346
vt 0.967285 0.327881
vt 0.952637 0.335205
vt 0.968262 0.334229
vt 0.953613 0.339600
vt 0.951660 0.432861
vt 0.926270 0.410889
vt 0.922852 0.386963
vt 0.944336 0.388428
vt 0.948730 0.385742
vt 0.945312 0.344727
vt 0.949219 0.340332
vt 0.938477 0.344727
vt 0.938965 0.385742
vt 0.071716 0.379395
vt 0.108582 0.377930
vt 0.097229 0.439209
vt 0.107788 0.461426
vt 0.112061 0.447754
vt 0.136108 0.458740
vt 0.129517 0.445068
vt 0.162231 0.403076
vt 0.130859 0.367920
vt 0.187134 0.355713
vt 0.134766 0.322754
vt 0.121948 0.341553
vt 0.109985 0.346191
vt 0.075867 0.348877
vt 0.041107 0.349609
vt 0.067566 0.414307
vt 0.083069 0.446533
vt 0.092468 0.332031
vt 0.078064 0.301025
vt 0.028412 0.322510
vt 0.020386 0.300049
vt 0.073914 0.280273
vt 0.014931 0.267334
vt 0.071228 0.255371
vt 0.948242 0.475586
vt 0.947754 0.497070
vt 0.963379 0.453125
vt 0.965332 0.496582
vt 0.987305 0.461182
vt 0.990234 0.496338
vt 0.354980 0.014656
vt 0.368896 0.014915
vt 0.368408 0.064087
vt 0.353760 0.063721
vt 0.275146 0.015182
vt 0.274414 0.063416
vt 0.261719 0.063049
vt 0.264160 0.009979
vt 0.337402 0.074036
vt 0.352295 0.078369
vt 0.339355 0.080811
vt 0.311279 0.075439
vt 0.285645 0.075378
vt 0.273193 0.075989
vt 0.339844 0.399414
vt 0.307617 0.398926
vt 0.334961 0.373047
vt 0.314453 0.349854
vt 0.291748 0.338623
vt 0.292480 0.360352
vt 0.293701 0.397217
vt 0.251221 0.375977
vt 0.245361 0.372559
vt 0.270020 0.351318
vt 0.269287 0.344238
vt 0.291748 0.333008
vt 0.314697 0.342773
vt 0.340576 0.369385
vt 0.346680 0.399414
vt 0.339844 0.425293
vt 0.294922 0.431641
vt 0.280029 0.399902
vt 0.342529 0.429199
vt 0.247925 0.402588
vt 0.249878 0.428467
vt 0.295898 0.456543
vt 0.322266 0.446045
vt 0.322510 0.452148
vt 0.295898 0.459961
vt 0.269043 0.454102
vt 0.268555 0.447754
vt 0.247314 0.432373
vt 0.241089 0.402832
vt 0.133545 0.090454
vt 0.108337 0.084961
vt 0.133057 0.082947
vt 0.167847 0.090942
vt 0.165161 0.088013
vt 0.168823 0.088562
vt 0.139526 0.090332
vt 0.138794 0.144165
vt 0.133301 0.132446
vt 0.110535 0.137939
vt 0.097717 0.086487
vt 0.098572 0.105042
vt 0.102478 0.129761
vt 0.140015 0.085022
vt 0.164185 0.077271
vt 0.139893 0.076721
vt 0.164185 0.071106
vt 0.140625 0.069397
vt 0.165894 0.144043
vt 0.165283 0.147705
vt 0.170288 0.091187
vt 0.169067 0.135742
vt 0.169800 0.147583
vt 0.175049 0.137695
vt 0.246826 0.928223
vt 0.202148 0.908203
vt 0.157227 0.927246
vt 0.277100 0.985840
vt 0.250488 0.955566
vt 0.224731 0.938965
vt 0.202026 0.929199
vt 0.179199 0.938477
vt 0.153320 0.954590
vt 0.126343 0.984863
vt 0.804199 0.479980
vt 0.787598 0.442383
vt 0.810059 0.443115
vt 0.834961 0.480957
vt 0.835449 0.443604
vt 0.860352 0.443359
vt 0.866211 0.479980
vt 0.882812 0.442627
vt 0.013832 0.352539
vt 0.018921 0.361328
vt 0.012245 0.450928
vt 0.016846 0.414551
vt 0.029251 0.452148
vt 0.029236 0.414307
vt 0.650391 0.814941
vt 0.666504 0.752930
vt 0.655762 0.716309
vt 0.679688 0.767090
vt 0.679688 0.788574
vt 0.678223 0.815430
vt 0.650391 0.831543
vt 0.677734 0.832520
vt 0.650391 0.869629
vt 0.677246 0.876465
vt 0.257080 0.185669
vt 0.286865 0.190552
vt 0.256592 0.197876
vt 0.336426 0.197388
vt 0.335449 0.183472
vt 0.332275 0.177246
vt 0.345459 0.184692
vt 0.349609 0.151611
vt 2.943359 0.296387
vt 2.925781 0.338867
vt 2.894531 0.387939
vt 2.886719 0.417236
vn -0.3539 -0.8741 -0.3328
vn 0.9260 -0.3719 -0.0645
vn -0.3875 -0.0994 -0.9165
vn 0.0493 0.2958 -0.9540
vn 0.2732 0.4150 -0.8678
vn 0.2093 0.7977 -0.5656
vn 0.6205 0.7047 -0.3440
vn 0.2161 0.5105 -0.8323
vn 0.3118 0.9376 0.1538
vn 0.9030 0.4246 -0.0656
vn 0.5504 -0.3892 -0.7386
vn 0.6085 -0.3970 -0.6871
vn 0.0726 -0.0517 -0.9960
vn 0.0002 0.2144 -0.9768
vn 0.0001 0.2752 -0.9614
vn -0.2183 0.5089 -0.8327
vn -0.0516 0.2959 -0.9538
vn -0.2112 0.7899 -0.5757
vn -0.2329 0.4165 -0.8788
vn -0.5857 0.7328 -0.3463
vn -0.3092 0.9388 0.1517
vn -0.9025 0.4257 -0.0655
vn 0.3998 -0.1577 -0.9029
vn -0.0710 -0.0512 -0.9962
vn 0.0008 -0.2042 -0.9789
vn 0.1225 -0.3570 -0.9260
vn 0.0000 -0.3852 -0.9229
vn 0.0000 0.0771 -0.9970
vn -0.5448 -0.3941 -0.7402
vn -0.6563 0.1068 -0.7469
vn -0.1606 0.1302 -0.9784
vn 0.0000 0.1011 -0.9949
vn 0.0000 -0.3487 -0.9372
vn 0.1606 0.1302 -0.9784
vn 0.6563 0.1068 -0.7469
vn -0.5832 -0.4153 -0.6981
vn -0.9183 -0.3917 -0.0569
vn -0.9990 0.0194 -0.0391
vn -0.7733 0.1442 -0.6175
vn -0.0630 -0.1432 -0.9877
vn 0.4753 -0.6000 -0.6435
vn -0.4753 -0.6000 -0.6435
vn 0.0630 -0.1432 -0.9877
vn 0.7733 0.1441 -0.6175
vn 0.9990 0.0229 -0.0395
vn 0.9809 0.1850 0.0602
vn 0.9974 0.0585 0.0413
vn 0.7555 -0.0209 -0.6548
vn -0.7555 -0.0209 -0.6548
vn -0.9974 0.0585 0.0413
vn -0.9809 0.1850 0.0602
vn 0.2999 -0.9203 -0.2512
vn -0.9699 -0.1075 0.2183
vn -0.9995 -0.0187 -0.0260
vn -0.6978 0.0211 -0.7160
vn -0.9991 -0.0180 0.0378
vn -0.9569 -0.2013 0.2093
vn -0.9968 -0.0440 0.0672
vn -0.6710 -0.2656 0.6923
vn -0.6970 -0.0984 0.7103
vn 0.1236 -0.2401 0.9629
vn 0.1852 -0.1572 0.9700
vn 0.8072 -0.1583 0.5687
vn 0.8864 -0.0886 0.4544
vn 0.9766 -0.0316 -0.2126
vn 0.9827 0.0018 0.1852
vn 0.5572 0.0439 -0.8292
vn 0.4330 0.0775 -0.8980
vn -0.6532 0.0912 -0.7517
vn -0.8209 0.0287 -0.5703
vn -0.9825 -0.1254 0.1379
vn -0.7282 -0.1028 -0.6777
vn 0.4151 0.2461 0.8759
vn -0.6241 0.2493 0.7405
vn 0.0353 -0.0606 -0.9975
vn 0.7040 -0.0524 -0.7083
vn 0.1276 0.1444 -0.9813
vn 0.8647 0.0401 -0.5006
vn 0.9899 -0.0979 0.1022
vn 0.9932 -0.0725 0.0914
vn -0.9955 -0.0938 0.0116
vn -0.6093 -0.7908 0.0584
vn 0.9968 -0.0797 0.0061
vn 0.7415 -0.1507 0.6538
vn 0.1499 -0.2295 0.9617
vn -0.6595 -0.2224 0.7180
vn -0.7906 -0.1056 0.6031
vn 0.7059 -0.1090 0.6999
vn -0.0574 -0.1211 0.9910
vn -0.3752 -0.6670 0.6437
vn 0.1866 -0.1494 0.9710
vn 0.6780 0.0485 0.7334
vn -0.6861 0.0424 0.7263
vn -0.7324 -0.1935 0.6528
vn -0.2803 0.4014 0.8720
vn -0.9123 -0.3164 0.2598
vn -0.3202 0.5807 0.7485
vn -0.6367 0.0901 0.7658
vn -0.6534 -0.3637 0.6639
vn -0.2463 0.6086 0.7543
vn -0.7099 0.5899 0.3847
vn 0.0000 0.5811 0.8138
vn -0.0000 0.3311 0.9436
vn -0.6780 0.0485 0.7334
vn -0.7811 0.2460 0.5739
vn -0.8202 -0.0635 0.5685
vn -0.7486 -0.3820 0.5419
vn -0.2580 -0.1536 0.9539
vn -0.0000 0.1919 0.9814
vn 0.2782 0.4012 0.8727
vn 0.2456 0.6088 0.7543
vn -0.0000 0.5401 0.8416
vn -0.3498 -0.4358 0.8293
vn -0.0000 -0.2050 0.9788
vn 0.2586 -0.1542 0.9536
vn 0.7356 -0.1934 0.6493
vn 0.6848 0.0479 0.7272
vn 0.3231 0.5843 0.7445
vn 0.7354 0.5676 0.3701
vn 0.6520 0.0716 0.7548
vn 0.6576 -0.3584 0.6627
vn 0.9163 -0.3113 0.2521
vn 0.7520 -0.3797 0.5389
vn 0.3510 -0.4354 0.8290
vn -0.0000 -0.0789 0.9969
vn -0.4738 -0.0259 0.8802
vn -0.3859 0.1187 0.9149
vn -0.1866 -0.1494 0.9710
vn -0.0000 0.0607 0.9982
vn 0.4738 -0.0259 0.8802
vn 0.3858 0.1187 0.9149
vn 0.8212 -0.0615 0.5673
vn 0.7811 0.2460 0.5739
vn -0.0000 -0.2923 0.9563
vn -0.0000 -0.7323 0.6810
vn 0.3752 -0.6670 0.6437
vn 0.6093 -0.7908 0.0584
vn -0.7059 -0.1090 0.6999
vn -0.9968 -0.0797 0.0061
vn 0.7282 -0.1028 -0.6777
vn -0.0353 -0.0606 -0.9975
vn -0.7040 -0.0524 -0.7083
vn -0.9899 -0.0979 0.1022
vn -0.7415 -0.1507 0.6538
vn 0.0574 -0.1211 0.9910
vn 0.7906 -0.1057 0.6031
vn 0.9955 -0.0938 0.0116
vn 0.6595 -0.2224 0.7180
vn 0.9825 -0.1254 0.1379
vn 0.6710 -0.2656 0.6923
vn -0.1499 -0.2295 0.9617
vn -0.1275 0.1444 -0.9813
vn 0.8209 0.0287 -0.5703
vn 0.6532 0.0912 -0.7517
vn -0.4330 0.0775 -0.8980
vn -0.8647 0.0402 -0.5007
vn -0.1236 -0.2401 0.9629
vn -0.8072 -0.1583 0.5687
vn -0.9932 -0.0725 0.0914
vn -0.9766 -0.0316 -0.2126
vn -0.5572 0.0439 -0.8292
vn 0.6978 0.0211 -0.7160
vn 0.9995 -0.0187 -0.0260
vn 0.9968 -0.0440 0.0672
vn 0.9569 -0.2013 0.2093
vn -0.1852 -0.1572 0.9700
vn -0.8864 -0.0886 0.4544
vn 0.9699 -0.1075 0.2183
vn 0.9991 -0.0180 0.0378
vn -0.9827 0.0018 0.1852
vn -0.4151 0.2461 0.8759
vn 0.6241 0.2493 0.7405
vn 0.6970 -0.0984 0.7103
vn -0.1167 -0.3598 -0.9257
vn 0.8739 -0.2828 0.3955
vn 0.6920 -0.5956 0.4079
vn 0.5558 -0.4095 0.7235
vn 0.9797 0.1046 -0.1709
vn 0.9993 0.0081 0.0369
vn 0.8087 -0.1102 0.5778
vn 0.4709 -0.0662 0.8797
vn 0.3798 0.0503 0.9237
vn 0.5677 -0.0238 0.8229
vn 0.9063 0.1738 -0.3853
vn 0.6986 0.1576 -0.6979
vn 0.8997 0.1411 -0.4130
vn 0.9925 -0.0910 -0.0813
vn 0.9561 -0.1931 0.2203
vn 0.5099 -0.2818 0.8127
vn 0.2448 -0.4161 0.8758
vn 0.1268 -0.5028 0.8551
vn 0.0315 -0.6964 0.7169
vn -0.0776 -0.2182 0.9728
vn -0.1668 -0.5130 0.8421
vn -0.5345 -0.7533 0.3832
vn -0.8402 -0.0749 0.5371
vn -0.9980 0.0456 0.0428
vn -0.9624 -0.1800 0.2033
vn -0.5281 -0.2747 0.8035
vn -0.2660 -0.4126 0.8712
vn 0.6065 -0.1638 0.7781
vn 0.6783 0.2051 -0.7056
vn 0.8411 0.1673 -0.5144
vn 0.5142 0.1860 -0.8373
vn 0.0944 0.3559 -0.9297
vn -0.8825 -0.4594 -0.1001
vn -0.8628 0.1518 -0.4823
vn -0.8720 -0.1803 -0.4552
vn 0.8037 -0.5831 0.1188
vn 0.9621 -0.2379 0.1334
vn 0.9056 0.0411 -0.4221
vn 0.4759 0.1404 -0.8683
vn 0.0097 0.0924 -0.9957
vn -0.0088 0.2583 -0.9660
vn -0.3935 0.2998 -0.8691
vn 0.6668 -0.6796 0.3060
vn 0.6156 -0.7208 0.3187
vn -0.0228 -0.5180 0.8551
vn -0.0070 -0.9997 0.0241
vn -0.2476 0.3571 -0.9006
vn -0.6482 0.2708 -0.7117
vn -0.4089 0.4317 -0.8040
vn -0.4972 0.2717 -0.8240
vn -0.8997 0.0524 -0.4334
vn -0.9919 -0.0588 -0.1130
vn -0.9673 -0.2258 0.1155
vn -0.8135 -0.5721 0.1045
vn -0.6755 -0.6771 0.2918
vn -0.6309 -0.7123 0.3077
vn -0.0107 -0.8065 0.5912
vn 0.4058 0.0398 0.9131
vn -0.6224 -0.1554 0.7671
vn -0.4214 0.0454 0.9057
vn -0.0088 0.0116 0.9999
vn -0.4555 0.1422 -0.8788
vn -0.7145 0.3556 -0.6025
vn -0.4378 0.8983 -0.0370
vn -0.1169 0.6236 -0.7729
vn -0.9982 -0.0061 -0.0596
vn -0.7073 0.6126 0.3528
vn -0.8093 -0.3876 0.4414
vn -0.6312 -0.6793 -0.3745
vn -0.3305 -0.3492 -0.8768
vn 0.4659 -0.6308 -0.6205
vn 0.2631 0.6877 -0.6767
vn 0.8568 -0.2540 -0.4488
vn 0.2706 0.7428 -0.6124
vn 0.9853 -0.1353 0.1047
vn 0.2864 -0.7847 0.5497
vn 0.6015 -0.6867 0.4082
vn 0.2048 -0.8673 -0.4537
vn -0.7804 -0.5868 0.2159
vn 0.1242 -0.9745 -0.1871
vn 0.0441 -0.8783 0.4761
vn -0.2034 0.3410 0.9178
vn 0.2435 0.8038 0.5428
vn -0.4639 0.8516 0.2440
vn -0.5843 0.7725 -0.2487
vn -0.8117 0.0282 -0.5834
vn 0.3840 0.4683 -0.7958
vn 0.7756 0.6312 -0.0056
vn 0.9415 0.0576 0.3322
vn 0.5536 -0.3587 0.7516
vn 0.5972 0.8005 -0.0506
vn 0.6876 0.0628 0.7234
vn 0.0871 0.4663 0.8803
vn 0.0010 -0.5905 0.8070
vn -0.5993 -0.4619 0.6539
vn -0.3399 0.7548 0.5610
vn -0.8615 -0.2997 0.4098
vn -0.5073 0.8531 0.1217
vn 0.4519 0.7984 0.3979
vn 0.5309 0.8467 -0.0362
vn 0.8204 0.0967 -0.5635
vn 0.8182 -0.5135 0.2584
vn 0.0438 -0.9308 -0.3629
vn -0.0990 -0.9851 -0.1405
vn -0.9369 -0.1949 -0.2901
vn -0.3630 0.8812 -0.3029
vn -0.4962 0.4614 0.7355
vn 0.0580 -0.8992 -0.4337
vn -0.2570 0.0151 -0.9663
vn 0.4592 0.2202 -0.8606
vn 0.4861 -0.8010 -0.3494
vn -0.0874 -0.8269 0.5555
vn -0.3605 0.7986 0.4819
vn -0.8350 -0.3627 0.4137
vn 0.3941 -0.6423 0.6574
vn -0.0071 0.9474 -0.3200
vn 0.8284 0.5345 0.1675
vn 0.5892 0.6053 -0.5352
vn 0.6840 -0.6689 -0.2911
vn -0.4186 0.3391 -0.8425
vn -0.0395 -0.7951 -0.6052
vn -0.9926 0.0164 0.1200
vn -0.3887 -0.8360 -0.3874
vn -0.4115 -0.6771 0.6101
vn -0.6262 -0.5938 -0.5053
vn 0.6818 -0.7192 0.1340
vn 0.8423 0.3165 -0.4363
vn -0.1306 0.9242 -0.3590
vn -0.4067 -0.8592 0.3104
vn -0.3231 0.9393 0.1153
vn -0.0967 -0.3961 0.9131
vn 0.8799 -0.4663 -0.0912
vn 0.2727 0.4976 -0.8234
vn 0.8367 0.5262 0.1516
vn 0.5134 -0.3094 0.8004
vn -0.4415 0.0384 0.8965
vn 0.0442 0.7805 0.6237
vn 0.8409 0.3375 0.4231
vn 0.5821 0.8085 -0.0869
vn -0.4756 -0.0216 -0.8794
vn -0.9731 0.1645 -0.1611
vn -0.2613 0.3114 -0.9137
vn -0.5797 -0.3097 -0.7537
vn -0.9385 0.0422 0.3426
vn -0.6772 0.1057 -0.7282
vn -0.4474 -0.3621 0.8178
vn -0.3560 -0.3722 0.8572
vn 0.6828 -0.4974 0.5351
vn -0.9717 -0.0100 0.2359
vn -0.9653 0.1255 0.2289
vn -0.7269 0.2361 -0.6449
vn 0.3476 0.1006 -0.9322
vn 0.9355 -0.1705 -0.3093
vn 0.7149 -0.2475 -0.6540
vn -0.1833 0.1052 -0.9774
vn -0.8776 0.2353 -0.4176
vn -0.7955 0.1197 0.5940
vn -0.1845 0.1017 0.9776
vn 0.6797 -0.5938 0.4306
vn 0.5464 -0.4115 0.7295
vn -0.7530 -0.0294 0.6574
vn 0.9530 0.0701 0.2949
vn 0.0794 0.1432 0.9865
vn 0.7592 0.0212 0.6505
vn -0.8064 0.1305 -0.5768
vn -0.3413 0.3273 0.8811
vn 0.7917 0.3445 0.5046
vn 0.7842 0.0609 -0.6175
vn 0.6306 -0.2033 -0.7490
vn 0.9364 -0.3207 -0.1426
vn 0.5321 0.0328 -0.8460
vn 0.0606 0.8555 -0.5142
vn 0.3731 0.5838 -0.7211
vn 0.5564 0.7282 -0.4002
vn -0.5590 0.4585 0.6909
vn -0.6199 0.6287 -0.4696
vn -0.6985 0.6743 0.2396
vn -0.8531 0.3793 -0.3582
vn -0.5325 0.6954 -0.4827
vn 0.4970 0.7638 -0.4119
vn -0.5245 0.7115 -0.4677
vn -0.3245 0.8054 0.4959
vn -0.3951 0.6974 -0.5979
vn -0.8483 0.4681 -0.2474
vn -0.9619 0.2733 0.0062
vn 0.7366 -0.6742 -0.0534
vn 0.5151 -0.5466 -0.6602
vn -0.5335 -0.5368 -0.6536
vn -0.7833 -0.5889 -0.1990
vn -0.3276 -0.5292 0.7827
vn 0.5835 -0.4799 0.6551
vn -0.2600 0.6496 0.7144
vn 0.6099 0.5816 0.5384
vn 0.7630 -0.6460 -0.0229
vn 0.8134 0.4731 0.3383
vn -0.3485 0.8812 0.3196
vn -0.9079 0.4176 -0.0374
vn -0.8572 -0.5148 0.0126
vn -0.6525 0.6526 0.3852
vn -0.8326 -0.4489 0.3245
vn 0.9008 -0.0364 -0.4328
vn 0.8204 0.0155 0.5716
vn 0.1316 -0.9037 0.4075
vn 0.6364 0.3044 0.7088
vn -0.7201 0.1143 0.6844
vn 0.0207 0.2630 0.9646
vn -0.9540 0.1005 0.2823
vn -0.6644 0.1073 -0.7396
vn -0.8499 0.0249 -0.5264
vn -0.9762 -0.0727 0.2042
vn -0.8023 -0.1973 -0.5634
vn -0.8159 -0.5560 0.1588
vn -0.2410 -0.6218 -0.7451
vn 0.0155 -0.9766 -0.2144
vn 0.5002 0.0399 -0.8650
vn -0.3732 -0.4651 0.8028
vn -0.5725 -0.1331 0.8091
vn 0.8272 -0.0885 0.5548
vn -0.3615 -0.1693 0.9169
vn 0.3350 0.0459 0.9411
vn 0.6141 -0.4241 -0.6656
vn -0.3054 -0.2493 -0.9190
vn -0.7844 -0.3925 0.4803
vn 0.4763 -0.3875 0.7893
vn 0.9317 0.1083 -0.3467
vn 0.8324 -0.4676 -0.2975
vn 0.9979 -0.0504 0.0414
vn 0.9935 -0.0565 0.0993
vn -0.2780 -0.8035 -0.5264
vn -0.5268 -0.6551 0.5416
vn -0.4736 0.5786 0.6640
vn 0.4104 0.4496 0.7933
vn 0.7072 0.4273 0.5632
vn -0.8604 0.1496 0.4871
vn -0.8878 0.1444 0.4370
vn 0.9893 -0.0206 -0.1447
vn 0.2999 -0.1668 -0.9393
vn 0.3154 -0.1698 -0.9337
vn 0.9954 -0.0653 -0.0708
vn 0.9479 0.1155 0.2970
vn 0.6971 -0.0459 0.7155
vn 0.0969 0.2944 0.9507
vn -0.9780 0.2068 0.0261
vn -0.1319 -0.1270 0.9831
vn -0.9172 -0.3557 0.1797
vn 0.9660 -0.1834 -0.1820
vn 0.8451 -0.0486 0.5323
vn 0.8079 -0.5866 -0.0563
vn 0.6660 -0.3127 0.6772
vn -0.0610 -0.9979 0.0207
vn 0.8769 -0.4259 0.2227
vn -0.1316 -0.4804 -0.8671
vn -0.8712 -0.4279 -0.2408
vn -0.5270 0.1484 0.8368
vn -0.3064 0.5007 0.8096
vn 0.0864 -0.7925 0.6037
vn -0.9962 -0.0856 -0.0161
vn -0.8100 -0.1134 -0.5754
vn -0.0617 -0.7739 -0.6304
vn 0.4910 -0.3889 -0.7795
vn 0.5478 -0.2218 -0.8067
vn -0.5169 0.1633 0.8403
vn 0.6471 -0.6193 0.4447
vn -0.0391 -0.9298 -0.3659
vn 0.8392 -0.0856 -0.5370
vn 0.0760 -0.3518 -0.9330
vn -0.0411 0.0616 -0.9973
vn 0.1804 -0.5558 -0.8115
vn 0.8734 0.0605 0.4832
vn 0.9720 -0.0207 0.2343
vn 0.3372 -0.3445 0.8762
vn 0.4384 -0.3786 0.8152
vn 0.9775 0.0587 0.2025
vn 0.7309 0.1608 -0.6632
vn -0.3693 0.1023 -0.9237
vn -0.9673 -0.0729 -0.2430
vn -0.7779 -0.1088 -0.6189
vn 0.1578 0.1139 -0.9809
vn 0.7783 0.1428 -0.6114
vn 0.9801 0.0715 0.1850
vn 0.7927 0.1229 -0.5972
vn 0.3720 0.2835 0.8839
vn 0.5862 0.2593 0.7675
vn -0.4107 0.2908 0.8642
vn -0.7406 0.2417 0.6270
vn -0.3042 -0.2157 0.9279
vn -0.7293 -0.4805 0.4871
vn -0.9627 0.0799 -0.2587
vn -0.8975 -0.2756 -0.3441
vn -0.8675 -0.3897 0.3090
vn -0.8149 -0.1629 -0.5562
vn -0.7182 -0.4110 0.5615
vn 0.8326 -0.4489 0.3245
vn 0.3276 -0.5292 0.7827
vn 0.8572 -0.5148 0.0126
vn -0.5835 -0.4799 0.6551
vn -0.7630 -0.6460 -0.0229
vn -0.7366 -0.6742 -0.0534
vn 0.7833 -0.5889 -0.1990
vn 0.5335 -0.5368 -0.6536
vn -0.5151 -0.5466 -0.6602
vn -0.4979 0.7254 -0.4753
vn -0.2497 0.9452 -0.2104
vn 0.4055 0.3902 0.8266
vn -0.5413 0.4937 0.6806
vn 0.6386 0.6354 -0.4341
vn 0.5919 0.4151 0.6909
vn -0.5318 0.7014 -0.4745
vn -0.2278 0.5059 -0.8320
vn 0.3342 0.9242 -0.1847
vn 0.9467 0.1933 0.2577
vn 0.6108 -0.6111 0.5034
vn 0.5825 -0.3824 0.7173
vn 0.8569 -0.4015 -0.3234
vn 0.5418 0.0157 -0.8404
vn 0.4927 -0.1476 -0.8576
vn 0.3531 0.2987 -0.8866
vn -0.6035 0.4668 0.6465
vn -0.0177 0.5569 0.8304
vn 0.5467 0.4811 0.6853
vn 0.5606 0.4795 0.6751
vn 0.5035 0.7793 0.3731
vn 0.0833 0.8124 -0.5772
vn 0.6105 0.6632 -0.4330
vn 0.8547 0.2321 0.4644
vn 0.5214 0.4677 0.7137
vn 0.3698 0.8219 0.4332
vn 0.5455 0.4640 0.6980
vn -0.1916 0.5108 -0.8381
vn 0.6356 0.6585 -0.4030
vn 0.4122 0.4915 -0.7672
vn -0.5178 0.7102 -0.4770
vn -0.2024 0.9658 -0.1624
vn -0.4979 0.7032 -0.5076
vn 0.1277 0.8449 -0.5195
vn -0.2361 0.9594 -0.1542
vn -0.5163 0.6634 -0.5417
vn 0.6466 0.6434 -0.4099
vn 0.4751 0.4357 -0.7644
vn -0.6197 0.4849 0.6171
vn -0.9025 0.3375 0.2675
vn -0.6131 0.5026 0.6095
vn -0.6871 0.5050 0.5224
vn -0.4027 0.8069 0.4321
vn -0.2013 0.9718 -0.1230
vn -0.4293 0.6925 -0.5797
vn -0.4773 0.7159 -0.5096
vn -0.2775 0.9129 -0.2993
vn -0.7071 0.7004 0.0972
vn 0.0004 0.7398 -0.6728
vn -0.3301 0.8858 0.3261
vn 0.7693 0.4668 -0.4362
vn 0.9120 0.2712 -0.3077
vn 0.2605 0.0664 0.9632
vn 0.5185 0.4916 0.6996
vn 0.5996 0.6963 -0.3946
vn 0.0424 0.8634 -0.5028
vn 0.2111 0.2171 0.9531
vn 0.4111 0.5125 0.7538
vn -0.9062 0.2538 0.3382
vn -0.6369 -0.5995 0.4847
vn -0.6173 0.4548 0.6419
vn -0.1813 -0.3581 0.9159
vn -0.2718 -0.9371 0.2191
vn -0.8570 0.3208 0.4032
vn -0.7004 0.1553 -0.6966
vn -0.8411 -0.0527 -0.5383
vn -0.9442 -0.2937 0.1493
vn -0.8192 -0.2280 -0.5263
vn 0.6235 0.6831 -0.3802
vn 0.6992 0.7147 0.0150
vn 0.5380 0.4123 0.7352
vn 0.2566 -0.3616 0.8963
vn -0.5989 0.4832 0.6386
vn -0.5151 0.7001 -0.4945
vn -0.7417 -0.1152 0.6608
vn 0.6263 0.6583 -0.4177
vn 0.5420 0.4386 0.7168
vn -0.7011 -0.4107 0.5829
vn 0.5706 -0.4232 0.7038
vn -0.6214 -0.5393 0.5683
vn 0.5549 -0.6300 0.5432
vn -0.1720 -0.0607 0.9832
vn -0.3120 -0.9413 -0.1291
vn -0.6747 -0.2913 0.6782
vn -0.6549 -0.7509 0.0858
vn 0.2413 -0.7006 0.6715
vn 0.3299 -0.7788 -0.5335
vn 0.1273 -0.9571 -0.2602
vn -0.8001 -0.5724 -0.1796
vn -0.4279 -0.5840 0.6898
vn -0.7743 0.6071 0.1788
vn 0.2417 -0.3485 0.9056
vn -0.1625 -0.9170 -0.3643
vn -0.8816 -0.3415 0.3258
vn 0.9700 -0.1147 -0.2145
vn 0.7548 0.1241 0.6442
vn -0.6655 0.6777 0.3129
vn -0.9170 0.3728 -0.1418
vn -0.7575 0.1245 -0.6408
vn -0.1726 -0.2263 -0.9586
vn 0.2161 0.1010 -0.9711
vn 0.2251 0.8763 0.4260
vn 0.4060 0.8962 -0.1786
vn -0.5470 0.6862 -0.4796
vn -0.0543 -0.9943 0.0918
vn 0.7077 -0.4186 -0.5692
vn 0.2764 0.7203 -0.6363
vn 0.0466 0.7933 -0.6070
vn -0.5427 0.3737 -0.7522
vn -0.5117 0.8563 -0.0699
vn -0.6141 0.5719 0.5438
vn 0.3127 -0.6576 0.6855
vn 0.1140 0.9219 -0.3702
vn 0.4446 0.7752 0.4487
vn 0.8110 -0.4362 0.3899
vn -0.2721 -0.9601 -0.0638
vn 0.9247 -0.3654 0.1066
vn 0.5827 0.7516 -0.3091
vn 0.7969 0.4995 0.3397
vn -0.1723 0.9313 0.3209
vn 0.6077 0.7758 0.1699
vn 0.7764 -0.4243 0.4660
vn 0.4905 -0.2395 -0.8379
vn -0.6410 0.3623 -0.6766
vn -0.9696 0.1318 -0.2061
vn -0.9844 -0.1760 0.0000
vn -0.8577 0.0726 0.5090
vn -0.4379 0.6422 -0.6292
vn -0.0952 -0.5922 0.8001
vn -0.3117 0.3321 0.8903
vn 0.2874 -0.4066 0.8672
vn 0.3313 0.6409 0.6924
vn -0.4220 0.9055 -0.0452
vn -0.6487 0.7495 0.1322
vn -0.4920 0.8704 -0.0204
vn 0.8398 0.5295 -0.1198
vn 0.8762 -0.2022 -0.4375
vn 0.4572 0.7761 -0.4343
vn 0.8832 -0.4341 0.1775
vn 0.5987 0.4742 0.6455
vn 0.0772 0.9270 0.3671
vn 0.5948 0.7826 -0.1836
vn -0.1655 0.4238 -0.8905
vn 0.4898 0.5856 -0.6459
vn -0.4629 0.5749 -0.6747
vn -0.7358 -0.6451 -0.2059
vn -0.4309 -0.4680 0.7716
vn 0.7452 -0.6656 0.0406
vn 0.4229 0.0897 -0.9017
vn 0.3544 -0.8451 -0.4003
vn -0.2746 -0.9522 0.1342
vn 0.0846 -0.7417 0.6654
vn -0.2151 -0.0926 0.9722
vn -0.7060 0.2957 0.6436
vn -0.0999 -0.5725 -0.8138
vn -0.4502 -0.8875 -0.0982
vn -0.5075 0.5896 0.6283
vn -0.1881 0.9332 -0.3061
vn -0.4720 0.7433 -0.4741
vn -0.2694 0.8154 0.5123
vn -0.8837 0.3983 -0.2457
vn -0.5068 0.6940 -0.5113
vn -0.5528 0.5604 0.6167
vn -0.4714 0.6933 -0.5451
vn 0.5822 0.4712 0.6626
vn 0.6535 0.5687 -0.4995
vn 0.6902 0.7003 0.1825
vn -0.2396 0.2698 0.9326
vn -0.8185 0.4932 0.2947
vn -0.5140 0.7032 -0.4913
vn -0.6896 0.6026 0.4016
vn 0.7839 0.5297 0.3240
vn 0.6101 0.6272 0.4842
vn 0.5925 0.7143 -0.3724
vn 0.9079 0.4176 -0.0374
vn 0.3485 0.8811 0.3196
vn 0.6525 0.6526 0.3852
vn 0.2600 0.6496 0.7144
vn -0.6099 0.5816 0.5384
vn -0.8134 0.4731 0.3383
vn 0.9619 0.2733 0.0062
vn -0.5496 -0.6755 0.4915
vn -0.5793 0.4245 0.6958
vn -0.6348 -0.3079 -0.7087
vn -0.6068 0.6670 -0.4323
vn -0.9004 0.3197 -0.2951
vn -0.6121 -0.2250 0.7581
vn -0.6673 -0.0298 0.7442
vn -0.4860 0.1435 0.8621
vn -0.0400 0.3446 0.9379
vn -0.0013 0.7146 0.6995
vn -0.0028 0.6155 0.7881
vn -0.0088 0.0088 0.9999
vn 0.4725 0.1369 0.8706
vn 0.0280 0.3441 0.9385
vn -0.6003 -0.5571 0.5739
vn -0.0109 -0.7803 0.6253
vn 0.6535 -0.0388 0.7559
vn 0.5954 -0.2332 0.7688
vn 0.5823 -0.5651 0.5844
vn -0.0077 -0.9946 0.1033
vn -0.2929 -0.7234 0.6253
vn 0.2719 -0.7272 0.6303
vn 0.7013 0.5045 0.5037
vn 0.5681 0.6478 -0.5076
vn 0.7126 -0.4937 0.4984
vn 0.7816 -0.0172 0.6235
vn -0.0002 0.0960 0.9954
vn -0.7851 -0.0156 0.6192
vn 0.4595 0.1685 -0.8721
vn 0.0019 0.1171 -0.9931
vn -0.4609 0.1664 -0.8717
vn -0.5342 0.6757 -0.5080
vn -0.6113 0.4829 0.6270
usemtl MinosPrimeBody
s 1
f 1/1/1 2/2/2 3/3/3
f 3/3/3 4/4/4 5/5/5
f 6/6/6 7/7/7 5/5/5
f 5/5/5 4/4/4 6/6/6
f 6/6/6 4/4/4 8/8/8
f 6/6/6 8/8/8 9/9/9
f 9/9/9 8/8/8 10/10/10
f 7/7/7 6/6/6 9/9/9
f 2/2/2 11/11/11 12/12/12
f 2/2/2 12/12/12 3/3/3
f 13/13/13 3/3/3 12/12/12
f 13/13/13 4/4/4 3/3/3
f 13/13/13 14/14/14 4/4/4
f 14/14/14 8/8/8 4/4/4
f 8/8/8 14/14/14 15/15/15
f 14/14/14 16/16/16 15/15/15
f 16/16/16 14/14/14 17/17/17
f 17/17/17 18/18/18 16/16/16
f 17/17/17 19/19/19 18/18/18
f 20/20/20 18/18/18 19/19/19
f 18/18/18 20/20/20 21/21/21
f 16/16/16 18/18/18 21/21/21
f 16/16/16 21/21/21 22/22/22
f 17/17/17 23/23/23 19/19/19
f 17/17/17 24/24/24 23/23/23
f 14/14/14 24/24/24 17/17/17
f 14/14/14 25/25/25 24/24/24
f 25/25/25 14/14/14 13/13/13
f 25/25/25 13/13/13 26/26/26
f 26/26/26 13/13/13 12/12/12
f 12/12/12 11/11/11 26/26/26
f 11/11/11 27/27/27 26/26/26
f 27/27/27 11/11/11 28/28/28
f 27/27/27 28/28/28 29/29/29
f 30/30/30 29/29/29 28/28/28
f 31/31/31 30/30/30 28/28/28
f 32/32/32 31/31/31 28/28/28
f 32/32/32 33/33/33 31/31/31
f 32/32/32 34/34/34 33/33/33
f 34/34/34 32/32/32 28/28/28
f 35/35/35 34/34/34 28/28/28
f 35/35/35 28/28/28 11/11/11
f 23/23/23 24/24/24 36/36/36
f 36/36/36 37/37/37 23/23/23
f 29/29/29 37/37/37 36/36/36
f 29/29/29 38/38/38 37/37/37
f 38/38/38 29/29/29 30/30/30
f 38/38/38 30/30/30 39/39/39
f 31/31/31 39/39/39 30/30/30
f 40/40/40 39/39/39 31/31/31
f 40/40/40 31/31/31 33/33/33
f 41/41/41 40/40/40 33/33/33
f 42/42/42 41/41/41 33/33/33
f 43/43/43 42/42/42 33/33/33
f 43/43/43 33/33/33 34/34/34
f 44/44/44 43/43/43 34/34/34
f 44/44/44 34/34/34 35/35/35
f 35/35/35 45/45/45 44/44/44
f 11/11/11 45/45/45 35/35/35
f 45/45/45 11/11/11 2/2/2
f 45/45/45 46/46/46 44/44/44
f 46/46/46 47/47/47 44/44/44
f 47/47/47 48/48/48 44/44/44
f 48/48/48 43/43/43 44/44/44
f 40/40/40 49/49/49 39/39/39
f 49/49/49 50/50/50 39/39/39
f 50/50/50 51/51/51 39/39/39
f 51/51/51 38/38/38 39/39/39
f 37/37/37 52/52/52 23/23/23
f 53/53/53 54/54/54 55/55/55
f 55/55/55 56/56/56 53/53/53
f 57/57/57 58/58/58 59/59/59
f 58/58/58 60/60/60 59/59/59
f 59/59/59 60/60/60 61/61/61
f 62/62/62 61/61/61 60/60/60
f 61/61/61 62/62/62 63/63/63
f 64/64/64 63/63/63 62/62/62
f 64/64/64 65/65/65 63/63/63
f 64/64/64 66/66/66 65/65/65
f 66/66/66 67/67/67 65/65/65
f 67/67/67 68/68/68 65/65/65
f 67/67/67 55/55/55 68/68/68
f 69/69/69 68/68/68 55/55/55
f 54/54/54 69/69/69 55/55/55
f 69/69/69 54/54/54 58/70/58
f 69/69/69 58/70/58 70/71/70
f 70/71/70 58/70/58 57/72/57
f 70/71/70 57/72/57 71/73/71
f 70/71/70 71/73/71 72/74/72
f 57/57/57 59/59/59 71/75/71
f 66/66/66 64/64/64 73/76/73
f 62/62/62 73/76/73 64/64/64
f 73/76/73 62/62/62 74/77/74
f 60/60/60 74/77/74 62/62/62
f 60/60/60 53/78/53 74/77/74
f 53/78/53 60/60/60 54/79/54
f 54/79/54 60/60/60 58/58/58
f 56/80/56 74/77/74 53/78/53
f 75/81/75 76/82/76 77/83/77
f 78/84/78 77/83/77 76/82/76
f 78/84/78 76/82/76 79/85/79
f 79/85/79 80/86/80 78/84/78
f 80/86/80 79/85/79 63/63/63
f 80/86/80 63/63/63 65/65/65
f 80/86/80 65/65/65 78/84/78
f 65/65/65 68/68/68 78/84/78
f 78/84/78 68/68/68 77/83/77
f 68/68/68 69/69/69 77/83/77
f 77/83/77 69/69/69 70/71/70
f 77/83/77 70/71/70 75/81/75
f 75/81/75 70/71/70 72/74/72
f 81/87/81 72/74/72 71/73/71
f 81/87/81 82/88/82 72/74/72
f 42/89/42 72/74/72 82/88/82
f 43/90/43 72/74/72 42/89/42
f 75/81/75 72/74/72 43/90/43
f 43/90/43 48/91/48 75/81/75
f 76/82/76 75/81/75 48/91/48
f 76/82/76 48/91/48 83/92/83
f 83/92/83 79/85/79 76/82/76
f 79/85/79 83/92/83 84/93/84
f 84/93/84 63/63/63 79/85/79
f 63/63/63 84/93/84 61/61/61
f 85/94/85 61/61/61 84/93/84
f 61/61/61 85/94/85 59/59/59
f 86/95/86 59/59/59 85/94/85
f 86/95/86 71/75/71 59/59/59
f 71/75/71 86/95/86 81/96/81
f 87/97/87 81/96/81 86/95/86
f 88/98/88 84/93/84 83/92/83
f 88/98/88 89/99/89 84/93/84
f 85/94/85 84/93/84 89/99/89
f 85/94/85 89/99/89 86/95/86
f 87/97/87 86/95/86 89/99/89
f 81/96/81 87/97/87 82/100/82
f 90/101/90 82/100/82 87/97/87
f 90/101/90 87/97/87 89/99/89
f 91/102/91 90/101/90 89/99/89
f 89/99/89 88/98/88 91/102/91
f 91/102/91 88/98/88 92/103/92
f 92/103/92 88/98/88 47/104/47
f 88/98/88 83/92/83 47/104/47
f 47/104/47 83/92/83 48/91/48
f 93/105/93 94/106/94 95/107/95
f 93/105/93 96/108/96 94/106/94
f 95/107/95 97/109/97 93/105/93
f 93/105/93 97/109/97 98/110/98
f 93/105/93 98/110/98 99/111/99
f 96/108/96 93/105/93 99/111/99
f 99/111/99 37/112/37 96/108/96
f 38/113/38 96/108/96 37/112/37
f 52/114/52 37/112/37 99/111/99
f 22/115/22 21/116/21 100/117/100
f 21/116/21 97/109/97 100/117/100
f 101/118/101 97/109/97 21/116/21
f 97/109/97 101/118/101 98/110/98
f 101/118/101 21/116/21 20/119/20
f 102/120/102 95/107/95 103/121/103
f 50/122/50 104/123/104 105/124/105
f 50/122/50 105/124/105 51/125/51
f 51/125/51 105/124/105 38/113/38
f 38/113/38 105/124/105 106/126/106
f 38/113/38 106/126/106 96/108/96
f 106/126/106 107/127/107 96/108/96
f 107/127/107 94/106/94 96/108/96
f 108/128/108 94/106/94 107/127/107
f 108/128/108 95/107/95 94/106/94
f 108/128/108 109/129/109 95/107/95
f 109/129/109 103/121/103 95/107/95
f 103/121/103 109/129/109 110/130/110
f 110/130/110 102/120/102 103/121/103
f 111/131/111 102/120/102 110/130/110
f 102/120/102 111/131/111 112/132/112
f 100/117/100 102/120/102 112/132/112
f 102/120/102 100/117/100 95/107/95
f 100/117/100 97/109/97 95/107/95
f 106/126/106 113/133/113 107/127/107
f 113/133/113 108/128/108 107/127/107
f 113/133/113 114/134/114 108/128/108
f 114/134/114 109/129/109 108/128/108
f 109/129/109 114/134/114 115/135/115
f 109/129/109 115/135/115 110/130/110
f 110/130/110 115/135/115 116/136/116
f 116/136/116 117/137/117 110/130/110
f 118/138/118 110/130/110 117/137/117
f 118/138/118 111/131/111 110/130/110
f 118/138/118 9/139/9 111/131/111
f 9/139/9 10/140/10 111/131/111
f 9/139/9 119/141/119 7/142/7
f 118/138/118 119/141/119 9/139/9
f 119/141/119 118/138/118 120/143/120
f 118/138/118 117/137/117 120/143/120
f 120/143/120 117/137/117 121/144/121
f 117/137/117 122/145/122 121/144/121
f 122/145/122 117/137/117 116/136/116
f 116/136/116 123/146/123 122/145/122
f 116/136/116 115/135/115 123/146/123
f 115/135/115 124/147/124 123/146/123
f 114/134/114 124/147/124 115/135/115
f 114/134/114 125/148/125 124/147/124
f 125/148/125 114/134/114 113/133/113
f 125/148/125 113/133/113 126/149/126
f 106/126/106 126/149/126 113/133/113
f 106/126/106 127/150/127 126/149/126
f 106/126/106 105/124/105 127/150/127
f 104/123/104 127/150/127 105/124/105
f 122/145/122 45/151/45 2/152/2
f 2/152/2 121/144/121 122/145/122
f 2/152/2 1/153/1 121/144/121
f 104/123/104 128/154/128 127/150/127
f 127/150/127 128/154/128 129/155/129
f 127/150/127 129/155/129 126/149/126
f 125/148/125 126/149/126 129/155/129
f 125/148/125 129/155/129 130/156/130
f 131/157/131 130/156/130 129/155/129
f 131/157/131 132/158/132 130/156/130
f 133/159/133 132/158/132 131/157/131
f 124/147/124 125/148/125 130/156/130
f 130/156/130 132/158/132 124/147/124
f 124/147/124 132/158/132 123/146/123
f 123/146/123 132/158/132 122/145/122
f 132/158/132 45/151/45 122/145/122
f 133/159/133 45/151/45 132/158/132
f 133/159/133 46/160/46 45/151/45
f 133/159/133 47/161/47 46/160/46
f 92/162/92 47/161/47 133/159/133
f 131/157/131 92/162/92 133/159/133
f 91/163/91 92/162/92 131/157/131
f 131/157/131 129/155/129 91/163/91
f 134/164/134 91/163/91 129/155/129
f 134/164/134 129/155/129 128/154/128
f 128/154/128 135/165/135 134/164/134
f 136/166/136 135/165/135 128/154/128
f 136/166/136 90/167/90 135/165/135
f 136/166/136 137/168/137 90/167/90
f 82/169/82 90/167/90 137/168/137
f 82/169/82 137/168/137 42/170/42
f 41/171/41 42/170/42 137/168/137
f 135/165/135 91/163/91 134/164/134
f 135/165/135 90/167/90 91/163/91
f 138/172/138 128/173/128 104/174/104
f 138/172/138 104/174/104 50/175/50
f 139/176/139 138/172/138 50/175/50
f 50/175/50 49/177/49 139/176/139
f 41/178/41 137/179/137 140/180/140
f 140/180/140 40/181/40 41/178/41
f 140/180/140 141/182/141 40/181/40
f 40/181/40 141/182/141 49/177/49
f 142/183/142 49/177/49 141/182/141
f 142/183/142 139/176/139 49/177/49
f 139/176/139 142/183/142 143/184/143
f 143/184/143 144/185/144 139/176/139
f 138/172/138 139/176/139 144/185/144
f 138/172/138 144/185/144 145/186/145
f 138/172/138 145/186/145 128/173/128
f 136/187/136 128/173/128 145/186/145
f 146/188/146 136/187/136 145/186/145
f 136/187/136 146/188/146 137/189/137
f 147/190/147 137/189/137 146/188/146
f 146/188/146 148/191/148 147/190/147
f 149/192/149 147/190/147 148/191/148
f 148/191/148 150/193/150 149/192/149
f 151/194/151 145/186/145 144/185/144
f 141/182/141 152/195/152 142/183/142
f 153/196/153 141/182/141 140/180/140
f 153/196/153 152/195/152 141/182/141
f 154/197/154 152/195/152 153/196/153
f 154/197/154 155/198/155 152/195/152
f 155/198/155 156/199/156 152/195/152
f 156/199/156 142/183/142 152/195/152
f 156/199/156 143/184/143 142/183/142
f 151/194/151 144/185/144 157/200/157
f 158/201/158 157/200/157 144/185/144
f 144/185/144 143/184/143 158/201/158
f 159/202/159 158/201/158 143/184/143
f 159/202/159 143/184/143 156/199/156
f 160/203/160 159/202/159 156/199/156
f 155/198/155 160/203/160 156/199/156
f 155/198/155 161/204/161 160/203/160
f 162/205/162 161/204/161 155/198/155
f 155/198/155 154/197/154 162/205/162
f 154/197/154 163/206/163 162/205/162
f 163/206/163 154/197/154 164/207/164
f 164/207/164 154/197/154 153/196/153
f 164/207/164 153/196/153 165/208/165
f 165/208/165 153/196/153 149/209/149
f 153/196/153 140/180/140 149/209/149
f 147/210/147 149/209/149 140/180/140
f 147/210/147 140/180/140 137/179/137
f 157/200/157 158/201/158 166/211/166
f 167/212/167 166/211/166 158/201/158
f 167/212/167 158/201/158 160/203/160
f 159/202/159 160/203/160 158/201/158
f 163/206/163 168/213/168 162/205/162
f 169/214/169 162/205/162 168/213/168
f 161/204/161 170/215/170 160/203/160
f 170/215/170 167/212/167 160/203/160
f 170/215/170 171/216/171 167/212/167
f 166/211/166 167/212/167 171/216/171
f 171/216/171 172/217/172 166/211/166
f 173/218/173 166/211/166 172/217/172
f 166/211/166 173/218/173 157/200/157
f 150/193/150 157/200/157 173/218/173
f 157/200/157 150/193/150 151/194/151
f 148/191/148 151/194/151 150/193/150
f 151/194/151 148/191/148 145/186/145
f 146/188/146 145/186/145 148/191/148
f 165/219/165 149/192/149 150/193/150
f 164/220/164 165/219/165 150/193/150
f 173/218/173 164/220/164 150/193/150
f 173/218/173 163/221/163 164/220/164
f 173/218/173 168/222/168 163/221/163
f 173/218/173 172/217/172 168/222/168
f 169/223/169 168/222/168 172/217/172
f 27/27/27 29/29/29 174/224/174
f 29/29/29 36/36/36 174/224/174
f 24/24/24 174/224/174 36/36/36
f 24/24/24 25/25/25 174/224/174
f 27/27/27 174/224/174 25/25/25
f 26/26/26 27/27/27 25/25/25
usemtl MinosPrimeSolid
f 175/225/175 176/226/176 177/227/177
f 178/228/178 175/225/175 179/229/179
f 175/225/175 180/230/180 179/229/179
f 175/225/175 177/227/177 180/230/180
f 177/227/177 181/231/181 180/230/180
f 181/231/181 177/227/177 182/232/182
f 182/232/182 183/233/183 181/231/181
f 184/234/184 185/235/185 178/228/178
f 184/234/184 178/228/178 186/236/186
f 179/229/179 186/236/186 178/228/178
f 179/229/179 187/237/187 186/236/186
f 187/237/187 179/229/179 188/238/188
f 179/229/179 180/230/180 188/238/188
f 188/238/188 180/230/180 189/239/189
f 189/239/189 180/230/180 190/240/190
f 190/240/190 180/230/180 191/241/191
f 181/231/181 191/241/191 180/230/180
f 191/241/191 181/231/181 192/242/192
f 181/231/181 193/243/193 192/242/192
f 194/244/194 192/242/192 193/243/193
f 195/245/195 194/244/194 193/243/193
f 195/245/195 196/246/196 194/244/194
f 195/245/195 197/247/197 196/246/196
f 196/246/196 197/247/197 198/248/198
f 196/246/196 198/248/198 199/249/199
f 200/250/200 194/244/194 196/246/196
f 196/246/196 199/249/199 200/250/200
f 188/238/188 189/239/189 201/251/201
f 184/234/184 202/252/202 203/253/203
f 184/234/184 186/236/186 202/252/202
f 204/254/204 202/252/202 186/236/186
f 204/254/204 205/255/205 202/252/202
f 206/256/206 197/247/197 195/245/195
f 207/257/207 197/247/197 206/256/206
f 206/256/206 208/258/208 207/257/207
f 209/259/209 188/238/188 201/251/201
f 188/238/188 209/259/209 210/260/210
f 210/260/210 187/237/187 188/238/188
f 210/260/210 211/261/211 187/237/187
f 211/261/211 186/236/186 187/237/187
f 211/261/211 212/262/212 186/236/186
f 204/254/204 186/236/186 212/262/212
f 212/262/212 213/263/213 204/254/204
f 214/264/214 204/254/204 213/263/213
f 214/264/214 205/255/205 204/254/204
f 205/255/205 214/264/214 215/265/215
f 210/260/210 209/259/209 216/266/216
f 209/259/209 217/267/217 216/266/216
f 217/267/217 218/268/218 216/266/216
f 217/267/217 219/269/219 218/268/218
f 220/270/220 221/271/221 222/272/222
f 220/270/220 222/272/222 223/273/223
f 220/270/220 223/273/223 207/257/207
f 207/257/207 223/273/223 224/274/224
f 207/257/207 224/274/224 197/247/197
f 225/275/225 197/247/197 224/274/224
f 197/247/197 225/275/225 198/248/198
f 225/275/225 226/276/226 198/248/198
f 226/276/226 227/277/227 198/248/198
f 227/277/227 226/276/226 228/278/228
f 229/279/229 227/277/227 228/278/228
f 218/268/218 229/279/229 228/278/228
f 219/269/219 229/279/229 218/268/218
f 230/280/230 229/279/229 219/269/219
f 217/267/217 230/280/230 219/269/219
f 217/267/217 231/281/231 230/280/230
f 209/259/209 231/281/231 217/267/217
f 201/251/201 231/281/231 209/259/209
f 224/274/224 226/276/226 225/275/225
f 199/249/199 198/248/198 232/282/232
f 198/248/198 227/277/227 232/282/232
f 233/283/233 232/282/232 227/277/227
f 233/283/233 227/277/227 229/279/229
f 229/279/229 230/280/230 233/283/233
f 234/284/234 233/283/233 230/280/230
f 234/284/234 230/280/230 231/281/231
f 215/285/215 214/286/214 222/272/222
f 214/286/214 223/273/223 222/272/222
f 214/286/214 213/287/213 223/273/223
f 235/288/235 223/273/223 213/287/213
f 235/288/235 224/274/224 223/273/223
f 236/289/236 237/290/237 238/291/238
f 236/289/236 239/292/239 237/290/237
f 240/293/240 237/290/237 239/292/239
f 239/292/239 241/294/241 240/293/240
f 242/295/242 241/294/241 239/292/239
f 242/295/242 239/292/239 236/289/236
f 242/295/242 236/289/236 243/296/243
f 243/296/243 236/289/236 238/291/238
f 243/296/243 238/291/238 244/297/244
f 244/297/244 238/291/238 245/298/245
f 246/299/246 244/297/244 245/298/245
f 246/299/246 245/298/245 247/300/247
f 248/301/248 246/299/246 247/300/247
f 249/302/249 246/299/246 248/301/248
f 249/302/249 244/297/244 246/299/246
f 249/302/249 250/303/250 244/297/244
f 251/304/251 244/297/244 250/303/250
f 252/305/252 250/303/250 249/302/249
f 251/304/251 243/296/243 244/297/244
f 242/295/242 243/296/243 251/304/251
f 253/306/253 242/295/242 251/304/251
f 253/306/253 241/294/241 242/295/242
f 253/306/253 254/307/254 241/294/241
f 241/294/241 254/307/254 255/308/255
f 255/308/255 240/293/240 241/294/241
f 240/293/240 255/308/255 256/309/256
f 240/293/240 256/309/256 237/290/237
f 256/309/256 257/310/257 237/290/237
f 237/290/237 257/310/257 238/291/238
f 258/311/258 238/291/238 257/310/257
f 245/298/245 238/291/238 258/311/258
f 245/298/245 258/311/258 259/312/259
f 247/300/247 245/298/245 259/312/259
f 260/313/260 247/300/247 259/312/259
f 261/314/261 247/300/247 260/313/260
f 248/301/248 247/300/247 261/314/261
f 259/312/259 258/311/258 252/315/252
f 258/311/258 257/310/257 252/315/252
f 252/315/252 257/310/257 250/316/250
f 256/309/256 250/316/250 257/310/257
f 256/309/256 262/317/262 250/316/250
f 256/309/256 255/308/255 262/317/262
f 255/308/255 263/318/263 262/317/262
f 254/307/254 263/318/263 255/308/255
f 253/306/253 251/304/251 250/319/250
f 262/320/262 253/306/253 250/319/250
f 262/320/262 254/321/254 253/306/253
f 262/320/262 263/322/263 254/321/254
f 264/323/264 261/314/261 260/313/260
f 265/324/265 261/314/261 264/323/264
f 266/325/266 265/324/265 264/323/264
f 267/326/267 265/324/265 266/325/266
f 268/327/268 267/326/267 266/325/266
f 268/327/268 266/325/266 269/328/269
f 270/329/270 268/327/268 269/328/269
f 270/329/270 269/328/269 271/330/271
f 271/330/271 269/328/269 272/331/272
f 269/328/269 273/332/273 272/331/272
f 273/332/273 274/333/274 272/331/272
f 274/333/274 273/332/273 260/313/260
f 264/323/264 260/313/260 273/332/273
f 266/325/266 264/323/264 273/332/273
f 269/328/269 266/325/266 273/332/273
f 275/334/275 272/331/272 274/333/274
f 276/335/276 268/327/268 270/329/270
f 265/324/265 248/301/248 261/314/261
f 249/302/249 248/301/248 265/324/265
f 267/326/267 249/302/249 265/324/265
f 252/305/252 249/302/249 267/326/267
f 268/327/268 252/305/252 267/326/267
f 259/336/259 252/305/252 268/327/268
f 276/335/276 259/336/259 268/327/268
f 260/337/260 259/336/259 276/335/276
f 274/338/274 260/337/260 276/335/276
f 274/338/274 276/335/276 275/339/275
f 277/340/277 275/339/275 276/335/276
f 277/340/277 276/335/276 270/329/270
f 277/340/277 270/329/270 278/341/278
f 278/341/278 270/329/270 271/330/271
f 278/341/278 271/330/271 279/342/279
f 279/342/279 271/330/271 272/331/272
f 279/342/279 272/331/272 280/343/280
f 272/331/272 275/334/275 280/343/280
f 275/339/275 277/340/277 281/344/281
f 277/340/277 278/341/278 281/344/281
f 282/345/282 281/344/281 278/341/278
f 282/345/282 278/341/278 279/342/279
f 283/346/283 282/345/282 279/342/279
f 281/344/281 282/345/282 283/346/283
f 284/347/284 281/344/281 283/346/283
f 275/339/275 281/344/281 284/347/284
f 285/348/285 275/339/275 284/347/284
f 286/349/286 287/350/287 288/351/288
f 286/349/286 289/352/289 287/350/287
f 286/349/286 290/353/290 289/352/289
f 290/353/290 291/354/291 289/352/289
f 292/355/292 291/354/291 290/353/290
f 292/355/292 293/356/293 291/354/291
f 292/355/292 294/357/294 293/356/293
f 293/356/293 294/357/294 295/358/295
f 296/359/296 295/358/295 294/357/294
f 296/359/296 297/360/297 295/358/295
f 296/359/296 298/361/298 297/360/297
f 298/361/298 285/348/285 297/360/297
f 297/360/297 285/348/285 299/362/299
f 285/348/285 284/347/284 299/362/299
f 299/362/299 284/347/284 300/363/300
f 284/347/284 283/346/283 300/363/300
f 300/363/300 283/346/283 301/364/301
f 283/346/283 279/342/279 301/364/301
f 280/343/280 301/364/301 279/342/279
f 287/350/287 289/352/289 302/365/302
f 291/354/291 302/365/302 289/352/289
f 291/354/291 303/366/303 302/365/302
f 293/356/293 303/366/303 291/354/291
f 293/356/293 295/358/295 303/366/303
f 286/349/286 288/367/288 290/353/290
f 288/367/288 292/355/292 290/353/290
f 304/368/304 292/355/292 288/367/288
f 292/355/292 304/368/304 294/357/294
f 305/369/305 294/357/294 304/368/304
f 305/369/305 296/359/296 294/357/294
f 285/370/285 280/343/280 275/334/275
f 298/371/298 280/343/280 285/370/285
f 301/364/301 280/343/280 298/371/298
f 306/372/306 301/364/301 298/371/298
f 300/363/300 301/364/301 306/372/306
f 307/373/307 300/363/300 306/372/306
f 299/362/299 300/363/300 307/373/307
f 308/374/308 299/362/299 307/373/307
f 297/360/297 299/362/299 308/374/308
f 297/360/297 308/374/308 309/375/309
f 295/358/295 297/360/297 309/375/309
f 295/358/295 309/375/309 310/376/310
f 295/358/295 310/376/310 303/366/303
f 303/366/303 310/376/310 311/377/311
f 303/366/303 311/377/311 302/365/302
f 302/365/302 311/377/311 304/378/304
f 302/365/302 304/378/304 288/351/288
f 287/350/287 302/365/302 288/351/288
f 311/377/311 305/379/305 304/378/304
f 311/377/311 312/380/312 305/379/305
f 310/376/310 312/380/312 311/377/311
f 310/376/310 307/373/307 312/380/312
f 310/376/310 309/375/309 307/373/307
f 308/374/308 307/373/307 309/375/309
f 312/380/312 307/373/307 306/372/306
f 312/380/312 306/372/306 305/379/305
f 305/379/305 306/372/306 296/381/296
f 306/372/306 298/371/298 296/381/296
f 313/382/313 314/383/314 315/384/315
f 314/383/314 313/382/313 316/385/316
f 314/383/314 316/385/316 317/386/317
f 316/385/316 318/387/318 317/386/317
f 319/388/319 320/389/320 321/390/321
f 320/389/320 319/388/319 322/391/322
f 323/392/323 322/391/322 319/388/319
f 323/392/323 324/393/324 322/391/322
f 323/392/323 101/394/101 324/393/324
f 101/394/101 20/395/20 324/393/324
f 20/395/20 19/396/19 324/393/324
f 324/393/324 19/396/19 325/397/325
f 325/397/325 19/396/19 23/398/23
f 325/397/325 23/398/23 326/399/326
f 325/397/325 326/399/326 327/400/327
f 327/400/327 328/401/328 325/397/325
f 327/400/327 315/384/315 328/401/328
f 329/402/329 328/401/328 315/384/315
f 329/402/329 315/384/315 314/383/314
f 329/402/329 314/383/314 330/403/330
f 330/403/330 314/383/314 317/386/317
f 331/404/331 330/403/330 317/386/317
f 327/405/327 326/406/326 332/407/332
f 332/407/332 326/406/326 321/390/321
f 332/407/332 321/390/321 320/389/320
f 320/389/320 333/408/333 332/407/332
f 333/408/333 320/389/320 334/409/334
f 334/409/334 335/410/335 333/408/333
f 336/411/336 335/410/335 334/409/334
f 336/411/336 337/412/337 335/410/335
f 337/412/337 336/411/336 331/404/331
f 330/403/330 331/404/331 336/411/336
f 336/411/336 334/409/334 330/403/330
f 329/402/329 330/403/330 334/409/334
f 329/402/329 334/409/334 338/413/338
f 338/413/338 328/401/328 329/402/329
f 328/401/328 338/413/338 325/397/325
f 324/393/324 325/397/325 338/413/338
f 338/413/338 322/391/322 324/393/324
f 322/391/322 338/413/338 334/409/334
f 322/391/322 334/409/334 320/389/320
f 339/414/339 331/404/331 317/386/317
f 331/404/331 339/414/339 337/412/337
f 340/415/340 337/412/337 339/414/339
f 341/416/341 337/412/337 340/415/340
f 341/416/341 335/410/335 337/412/337
f 335/410/335 341/416/341 342/417/342
f 333/408/333 335/410/335 342/417/342
f 343/418/343 333/408/333 342/417/342
f 343/418/343 332/407/332 333/408/333
f 343/418/343 344/419/344 332/407/332
f 327/405/327 332/407/332 344/419/344
f 344/419/344 315/420/315 327/405/327
f 315/420/315 344/419/344 313/421/313
f 342/417/342 313/421/313 344/419/344
f 313/421/313 342/417/342 316/422/316
f 341/416/341 316/422/316 342/417/342
f 341/416/341 318/423/318 316/422/316
f 343/418/343 342/417/342 344/419/344
f 345/424/345 346/425/346 347/426/347
f 348/427/348 349/428/349 350/429/350
f 345/424/345 350/429/350 349/428/349
f 349/428/349 351/430/351 345/424/345
f 351/430/351 346/425/346 345/424/345
f 352/431/352 346/425/346 351/430/351
f 352/431/352 353/432/353 346/425/346
f 350/429/350 345/424/345 354/433/354
f 349/428/349 348/434/348 351/430/351
f 351/430/351 348/434/348 355/435/355
f 356/436/356 351/430/351 355/435/355
f 357/437/357 356/436/356 355/435/355
f 170/438/170 358/439/358 171/440/171
f 358/439/358 170/438/170 161/441/161
f 169/442/169 359/443/359 162/444/162
f 360/445/360 162/444/162 359/443/359
f 162/444/162 360/445/360 161/441/161
f 361/446/361 161/441/161 360/445/360
f 361/446/361 358/439/358 161/441/161
f 361/446/361 362/447/362 358/439/358
f 363/448/363 364/449/364 365/450/365
f 366/451/366 365/450/365 364/449/364
f 364/449/364 367/452/367 366/451/366
f 368/453/368 366/451/366 367/452/367
f 368/453/368 367/452/367 359/454/359
f 368/453/368 359/454/359 169/455/169
f 368/453/368 169/455/169 172/456/172
f 172/456/172 171/440/171 368/453/368
f 369/457/369 368/453/368 171/440/171
f 369/457/369 171/440/171 358/439/358
f 358/439/358 370/458/370 369/457/369
f 362/447/362 370/458/370 358/439/358
f 362/447/362 371/459/371 370/458/370
f 372/460/372 370/458/370 371/459/371
f 373/461/373 372/460/372 371/459/371
f 373/461/373 363/448/363 372/460/372
f 365/450/365 372/460/372 363/448/363
f 365/450/365 369/457/369 372/460/372
f 365/450/365 366/451/366 369/457/369
f 368/453/368 369/457/369 366/451/366
f 370/458/370 372/460/372 369/457/369
f 374/462/374 375/463/375 376/464/376
f 376/464/376 375/465/375 377/466/377
f 378/467/378 379/468/379 339/469/339
f 339/469/339 380/470/380 378/467/378
f 380/470/380 339/469/339 317/471/317
f 317/471/317 318/472/318 380/470/380
f 381/473/381 380/470/380 318/472/318
f 381/473/381 382/474/382 380/470/380
f 383/475/383 380/470/380 382/474/382
f 382/474/382 384/476/384 383/475/383
f 385/477/385 383/475/383 384/476/384
f 384/476/384 386/478/386 385/477/385
f 386/478/386 387/479/387 385/477/385
f 386/478/386 388/480/388 387/479/387
f 388/480/388 374/462/374 387/479/387
f 387/479/387 374/462/374 376/464/376
f 376/464/376 389/481/389 387/479/387
f 376/464/376 377/466/377 389/481/389
f 389/481/389 377/466/377 390/482/390
f 391/483/391 390/482/390 377/466/377
f 379/468/379 392/484/392 393/485/393
f 378/467/378 392/484/392 379/468/379
f 390/482/390 392/484/392 378/467/378
f 383/475/383 390/482/390 378/467/378
f 383/475/383 385/477/385 390/482/390
f 389/481/389 390/482/390 385/477/385
f 387/479/387 389/481/389 385/477/385
f 383/475/383 378/467/378 380/470/380
f 390/482/390 391/483/391 392/484/392
f 394/486/394 392/484/392 391/483/391
f 395/487/395 392/484/392 394/486/394
f 395/487/395 396/488/396 392/484/392
f 396/488/396 393/485/393 392/484/392
f 393/485/393 396/488/396 397/489/397
f 393/485/393 397/489/397 398/490/398
f 399/491/399 398/490/398 397/489/397
f 398/490/398 400/492/400 393/485/393
f 379/468/379 393/485/393 400/492/400
f 400/492/400 401/493/401 379/468/379
f 379/468/379 401/493/401 340/494/340
f 379/468/379 340/494/340 339/469/339
f 402/495/402 399/496/399 397/489/397
f 403/497/403 402/495/402 397/489/397
f 403/497/403 397/489/397 396/488/396
f 396/488/396 395/487/395 403/497/403
f 402/498/402 403/497/403 395/487/395
f 404/499/404 405/500/405 406/501/406
f 407/502/407 405/500/405 404/499/404
f 407/502/407 408/503/408 405/500/405
f 409/504/409 410/505/410 411/506/411
f 411/506/411 412/507/412 409/504/409
f 406/501/406 409/504/409 412/507/412
f 409/504/409 406/501/406 413/508/413
f 405/500/405 413/508/413 406/501/406
f 414/509/414 413/508/413 405/500/405
f 405/500/405 415/510/415 414/509/414
f 405/500/405 408/503/408 415/510/415
f 416/511/416 415/510/415 408/503/408
f 415/510/415 416/511/416 417/512/417
f 418/513/418 417/512/417 416/511/416
f 413/508/413 419/514/419 409/504/409
f 414/509/414 420/515/420 413/508/413
f 420/515/420 419/514/419 413/508/413
f 419/514/419 420/515/420 421/516/421
f 422/517/422 421/516/421 420/515/420
f 422/517/422 423/518/423 421/516/421
f 424/519/424 414/509/414 415/510/415
f 424/519/424 425/520/425 414/509/414
f 414/509/414 425/520/425 426/521/426
f 426/521/426 427/522/427 414/509/414
f 420/515/420 414/509/414 427/522/427
f 427/522/427 428/523/428 420/515/420
f 422/517/422 420/515/420 428/523/428
f 428/523/428 429/524/429 422/517/422
f 422/517/422 429/524/429 423/518/423
f 430/525/430 423/518/423 429/524/429
f 430/525/430 431/526/431 423/518/423
f 431/526/431 432/527/432 423/518/423
f 423/518/423 432/527/432 421/516/421
f 432/527/432 433/528/433 421/516/421
f 421/516/421 433/528/433 419/514/419
f 434/529/434 419/514/419 433/528/433
f 419/514/419 434/529/434 409/504/409
f 410/505/410 409/504/409 434/529/434
f 435/530/435 429/524/429 428/523/428
f 435/531/435 430/525/430 429/524/429
f 415/510/415 417/512/417 424/519/424
f 436/532/436 424/519/424 417/512/417
f 424/519/424 436/532/436 425/520/425
f 437/533/437 425/520/425 436/532/436
f 418/534/418 437/535/437 417/512/417
f 437/535/437 436/532/436 417/512/417
f 438/536/438 439/537/439 440/538/440
f 439/537/439 438/536/438 441/539/441
f 441/539/441 438/536/438 412/540/412
f 411/541/411 441/539/441 412/540/412
f 442/542/442 443/543/443 444/544/444
f 445/545/445 444/544/444 443/543/443
f 443/543/443 446/546/446 445/545/445
f 120/547/120 445/545/445 446/546/446
f 446/546/446 119/548/119 120/547/120
f 119/548/119 446/546/446 447/549/447
f 7/550/7 119/548/119 447/549/447
f 5/551/5 7/550/7 447/549/447
f 447/549/447 448/552/448 5/551/5
f 5/551/5 448/552/448 3/553/3
f 3/553/3 448/552/448 449/554/449
f 449/554/449 448/552/448 450/555/450
f 451/556/451 450/555/450 448/552/448
f 440/538/440 450/555/450 451/556/451
f 451/556/451 452/557/452 440/538/440
f 440/538/440 452/557/452 438/536/438
f 438/536/438 452/557/452 453/558/453
f 438/536/438 453/558/453 412/540/412
f 447/549/447 446/546/446 443/543/443
f 443/543/443 454/559/454 447/549/447
f 448/552/448 447/549/447 454/559/454
f 454/559/454 451/556/451 448/552/448
f 451/556/451 454/559/454 452/557/452
f 442/542/442 452/557/452 454/559/454
f 452/557/452 442/542/442 453/558/453
f 455/560/455 453/558/453 442/542/442
f 454/559/454 443/543/443 442/542/442
f 456/561/456 453/558/453 455/560/455
f 455/560/455 457/562/457 456/561/456
f 457/562/457 455/560/455 458/563/458
f 458/563/458 455/560/455 442/542/442
f 458/563/458 442/542/442 459/564/459
f 444/544/444 459/564/459 442/542/442
f 459/564/459 444/544/444 460/565/460
f 453/558/453 456/561/456 412/540/412
f 456/561/456 406/566/406 412/540/412
f 406/566/406 456/561/456 457/562/457
f 457/562/457 404/567/404 406/566/406
f 457/562/457 461/568/461 404/567/404
f 458/563/458 461/568/461 457/562/457
f 461/568/461 458/563/458 462/569/462
f 458/563/458 459/564/459 462/569/462
f 459/564/459 463/570/463 462/569/462
f 460/565/460 463/570/463 459/564/459
f 464/571/464 463/570/463 460/565/460
f 460/565/460 450/572/450 464/571/464
f 440/573/440 464/571/464 450/572/450
f 464/571/464 440/573/440 439/574/439
f 439/574/439 462/569/462 464/571/464
f 462/569/462 439/574/439 441/575/441
f 441/575/441 461/568/461 462/569/462
f 411/576/411 461/568/461 441/575/441
f 462/569/462 463/570/463 464/571/464
f 445/545/445 120/547/120 121/577/121
f 121/577/121 465/578/465 445/545/445
f 444/544/444 445/545/445 465/578/465
f 465/578/465 460/565/460 444/544/444
f 449/579/449 460/565/460 465/578/465
f 450/572/450 460/565/460 449/579/449
f 121/577/121 1/580/1 465/578/465
f 449/579/449 465/578/465 1/580/1
f 1/580/1 3/581/3 449/579/449
f 466/582/466 467/583/467 468/584/468
f 467/583/467 469/585/469 468/584/468
f 469/585/469 470/586/470 468/584/468
f 470/586/470 471/587/471 468/584/468
f 471/587/471 472/588/472 468/584/468
f 472/588/472 471/587/471 473/589/473
f 471/587/471 474/590/474 473/589/473
f 475/591/475 476/592/476 477/593/477
f 478/594/478 475/591/475 477/593/477
f 478/594/478 479/595/479 475/591/475
f 478/594/478 480/596/480 479/595/479
f 481/597/481 476/598/476 482/599/482
f 475/600/475 482/599/482 476/598/476
f 475/600/475 479/595/479 482/599/482
f 483/601/483 482/599/482 479/595/479
f 479/595/479 480/596/480 483/601/483
f 483/601/483 480/596/480 484/602/484
f 480/596/480 485/603/485 484/602/484
f 486/604/486 484/602/484 485/603/485
f 486/604/486 485/603/485 176/605/176
f 177/606/177 176/605/176 485/603/485
f 182/607/182 177/608/177 485/603/485
f 485/603/485 477/609/477 182/607/182
f 485/603/485 480/596/480 477/609/477
f 480/596/480 478/610/478 477/609/477
f 477/609/477 183/611/183 182/607/182
f 341/612/341 340/613/340 401/614/401
f 391/615/391 487/616/487 394/617/394
f 487/616/487 401/614/401 394/617/394
f 487/616/487 488/618/488 401/614/401
f 341/612/341 401/614/401 488/618/488
f 318/619/318 341/612/341 488/618/488
f 488/618/488 381/620/381 318/619/318
f 489/621/489 381/620/381 488/618/488
f 489/621/489 382/622/382 381/620/381
f 489/621/489 490/623/490 382/622/382
f 384/624/384 382/622/382 490/623/490
f 384/624/384 490/623/490 386/625/386
f 388/626/388 386/625/386 490/623/490
f 374/627/374 388/626/388 490/623/490
f 374/627/374 490/623/490 377/628/377
f 375/629/375 374/627/374 377/628/377
f 487/616/487 489/621/489 488/618/488
f 487/616/487 391/615/391 489/621/489
f 489/621/489 391/615/391 490/623/490
f 377/628/377 490/623/490 391/615/391
f 400/630/400 394/617/394 401/614/401
f 400/630/400 398/631/398 394/617/394
f 398/631/398 395/632/395 394/617/394
f 398/631/398 399/633/399 395/632/395
f 402/634/402 395/632/395 399/633/399
f 491/635/491 492/636/492 493/637/493
f 493/637/493 492/636/492 494/638/494
f 494/638/494 495/639/495 493/637/493
f 496/640/496 497/641/497 498/642/498
f 497/641/497 499/643/499 498/642/498
f 499/643/499 500/644/500 498/642/498
f 500/644/500 501/645/501 498/642/498
f 502/646/502 503/647/503 504/648/504
f 503/647/503 502/646/502 505/649/505
f 502/646/502 506/650/506 507/651/507
f 506/650/506 502/646/502 508/652/508
f 508/652/508 502/646/502 504/648/504
f 504/648/504 509/653/509 508/652/508
f 510/654/510 508/652/508 509/653/509
f 511/655/511 504/656/504 512/657/512
f 503/658/503 512/657/512 504/656/504
f 350/659/350 512/657/512 503/658/503
f 513/660/513 350/659/350 503/658/503
f 350/659/350 513/660/513 348/661/348
f 348/661/348 513/660/513 355/662/355
f 503/658/503 505/663/505 513/660/513
f 514/664/514 515/665/515 516/666/516
f 517/667/517 516/666/516 515/665/515
f 517/667/517 515/665/515 506/668/506
f 507/669/507 506/668/506 515/665/515
f 507/669/507 515/665/515 518/670/518
f 502/671/502 507/669/507 518/670/518
f 519/672/519 502/671/502 518/670/518
f 519/672/519 357/673/357 502/671/502
f 502/671/502 357/673/357 505/663/505
f 513/660/513 505/663/505 357/673/357
f 355/674/355 513/660/513 357/673/357
f 515/665/515 514/675/514 518/670/518
f 511/676/511 509/677/509 504/678/504
f 477/679/477 509/677/509 511/676/511
f 476/680/476 509/677/509 477/679/477
f 509/677/509 476/680/476 520/681/520
f 476/680/476 521/682/521 520/681/520
f 476/680/476 522/683/522 521/682/521
f 522/683/522 523/684/523 521/682/521
f 524/685/524 521/682/521 523/684/523
f 523/684/523 525/686/525 524/685/524
f 495/687/495 524/685/524 525/686/525
f 525/686/525 526/688/526 495/687/495
f 476/680/476 481/689/481 522/683/522
f 524/685/524 495/687/495 527/690/527
f 527/690/527 495/687/495 494/691/494
f 494/691/494 492/692/492 527/690/527
f 528/693/528 527/690/527 492/692/492
f 360/694/360 359/695/359 361/696/361
f 359/695/359 362/697/362 361/696/361
f 362/697/362 359/695/359 371/698/371
f 359/695/359 367/699/367 371/698/371
f 367/699/367 364/700/364 371/698/371
f 364/700/364 363/701/363 371/698/371
f 363/701/363 373/702/373 371/698/371
f 529/703/529 345/704/345 530/705/530
f 347/706/347 530/705/530 345/704/345
f 531/707/531 530/705/530 347/706/347
f 347/706/347 346/708/346 531/707/531
f 532/709/532 531/707/531 346/708/346
f 346/708/346 353/710/353 532/709/532
f 533/711/533 530/705/530 531/707/531
f 351/712/351 534/713/534 352/714/352
f 534/713/534 535/715/535 352/714/352
f 353/710/353 352/714/352 535/715/535
f 535/715/535 532/709/532 353/710/353
f 536/716/536 534/713/534 193/717/193
f 531/718/531 534/713/534 536/716/536
f 534/713/534 531/718/531 535/715/535
f 532/719/532 535/715/535 531/718/531
f 533/720/533 531/718/531 536/716/536
f 537/721/537 534/713/534 538/722/538
f 538/722/538 534/713/534 351/712/351
f 351/712/351 516/723/516 538/722/538
f 516/723/516 351/712/351 514/724/514
f 351/712/351 356/725/356 514/724/514
f 356/725/356 518/726/518 514/724/514
f 518/726/518 356/725/356 519/727/519
f 519/727/519 356/725/356 357/728/357
f 428/729/428 427/730/427 539/731/539
f 410/732/410 540/733/540 411/734/411
f 461/735/461 411/734/411 540/733/540
f 407/736/407 461/735/461 540/733/540
f 540/733/540 541/737/541 407/736/407
f 407/736/407 541/737/541 426/738/426
f 541/737/541 427/730/427 426/738/426
f 427/730/427 541/737/541 542/739/542
f 542/739/542 539/731/539 427/730/427
f 542/739/542 434/740/434 539/731/539
f 433/741/433 539/731/539 434/740/434
f 433/741/433 432/742/432 539/731/539
f 431/743/431 539/731/539 432/742/432
f 431/743/431 430/744/430 539/731/539
f 539/731/539 430/744/430 428/729/428
f 430/744/430 435/745/435 428/729/428
f 434/740/434 542/739/542 410/732/410
f 410/732/410 542/739/542 540/733/540
f 542/739/542 541/737/541 540/733/540
f 404/746/404 461/735/461 407/736/407
f 426/738/426 408/747/408 407/736/407
f 416/748/416 408/747/408 426/738/426
f 425/749/425 416/748/416 426/738/426
f 416/748/416 425/749/425 418/750/418
f 437/751/437 418/750/418 425/749/425
f 354/752/354 345/753/345 543/754/543
f 529/755/529 543/754/543 345/753/345
f 529/755/529 544/756/544 543/754/543
f 544/756/544 545/757/545 543/754/543
f 546/758/546 545/757/545 544/759/544
f 545/757/545 546/758/546 181/760/181
f 181/760/181 543/754/543 545/757/545
f 543/754/543 181/760/181 477/761/477
f 543/754/543 477/761/477 512/762/512
f 511/763/511 512/762/512 477/761/477
f 183/764/183 477/761/477 181/760/181
f 181/760/181 546/758/546 193/765/193
f 536/766/536 193/765/193 546/758/546
f 543/754/543 512/762/512 354/767/354
f 350/768/350 354/767/354 512/762/512
f 547/769/547 548/770/548 549/771/549
f 550/772/550 548/770/548 547/769/547
f 547/769/547 551/773/551 550/772/550
f 533/774/533 536/775/536 552/776/552
f 552/776/552 549/771/549 533/774/533
f 533/774/533 549/771/549 548/770/548
f 548/770/548 530/777/530 533/774/533
f 548/770/548 550/778/550 530/777/530
f 530/777/530 550/778/550 529/779/529
f 529/779/529 550/778/550 544/780/544
f 544/780/544 550/778/550 553/781/553
f 553/781/553 550/778/550 551/782/551
f 552/783/552 553/781/553 551/782/551
f 553/781/553 552/783/552 546/784/546
f 552/783/552 536/785/536 546/784/546
f 546/786/546 544/780/544 553/781/553
f 552/783/552 551/782/551 549/787/549
f 547/788/547 549/787/549 551/782/551
f 554/789/554 555/790/555 556/791/556
f 557/792/557 558/793/558 559/794/559
f 558/793/558 560/795/560 559/794/559
f 559/794/559 560/795/560 554/789/554
f 560/795/560 555/790/555 554/789/554
f 560/795/560 561/796/561 555/790/555
f 561/796/561 562/797/562 555/790/555
f 563/798/563 564/799/564 565/800/565
f 563/798/563 566/801/566 564/799/564
f 567/802/567 566/801/566 563/798/563
f 568/803/568 566/801/566 567/802/567
f 562/797/562 568/803/568 567/802/567
f 562/797/562 567/802/567 569/804/569
f 555/790/555 562/797/562 569/804/569
f 555/790/555 569/804/569 570/805/570
f 556/791/556 555/790/555 570/805/570
f 556/791/556 570/805/570 571/806/571
f 554/789/554 556/791/556 571/806/571
f 572/807/572 554/789/554 571/806/571
f 559/794/559 554/789/554 572/807/572
f 573/808/573 559/794/559 572/807/572
f 557/792/557 559/794/559 573/808/573
f 574/809/574 557/792/557 573/808/573
f 569/804/569 567/802/567 575/810/575
f 567/802/567 563/798/563 575/810/575
f 571/806/571 570/805/570 576/811/576
f 570/805/570 569/804/569 576/811/576
f 576/811/576 569/804/569 577/812/577
f 569/804/569 575/810/575 577/812/577
f 577/812/577 575/810/575 578/813/578
f 575/810/575 563/798/563 578/813/578
f 578/813/578 563/798/563 565/800/565
f 579/814/579 557/792/557 580/815/580
f 580/815/580 557/792/557 574/809/574
f 580/815/580 574/809/574 581/816/581
f 574/809/574 573/808/573 581/816/581
f 581/816/581 573/808/573 582/817/582
f 573/808/573 572/807/572 582/817/582
f 582/817/582 572/807/572 583/818/583
f 572/807/572 571/806/571 583/818/583
f 571/806/571 584/819/584 583/818/583
f 571/806/571 576/811/576 584/819/584
f 584/819/584 576/811/576 585/820/585
f 576/811/576 577/812/577 585/820/585
f 585/820/585 577/812/577 586/821/586
f 577/812/577 578/813/578 586/821/586
f 578/813/578 587/822/587 586/821/586
f 578/813/578 565/800/565 587/822/587
f 565/800/565 588/823/588 587/822/587
f 564/799/564 588/823/588 565/800/565
f 584/819/584 585/820/585 568/824/568
f 568/824/568 585/820/585 566/825/566
f 585/820/585 586/821/586 566/825/566
f 566/825/566 586/821/586 564/826/564
f 586/821/586 589/827/589 564/826/564
f 589/827/589 588/823/588 564/826/564
f 587/822/587 588/823/588 589/827/589
f 586/821/586 587/822/587 589/827/589
f 590/828/590 579/814/579 591/829/591
f 591/829/591 579/814/579 580/815/580
f 591/829/591 580/815/580 592/830/592
f 592/830/592 580/815/580 581/816/581
f 583/818/583 584/819/584 568/824/568
f 583/818/583 568/824/568 562/831/562
f 561/832/561 583/818/583 562/831/562
f 582/817/582 583/818/583 561/832/561
f 593/833/593 582/817/582 561/832/561
f 582/817/582 593/833/593 581/816/581
f 594/834/594 581/816/581 593/833/593
f 592/830/592 581/816/581 594/834/594
f 595/835/595 592/830/592 594/834/594
f 595/835/595 591/829/591 592/830/592
f 596/836/596 591/829/591 595/835/595
f 596/836/596 590/828/590 591/829/591
f 597/837/597 590/828/590 596/836/596
f 597/837/597 598/838/598 590/828/590
f 598/838/598 599/839/599 590/828/590
f 599/839/599 558/793/558 590/828/590
f 590/828/590 558/793/558 579/814/579
f 579/814/579 558/793/558 557/792/557
f 600/840/600 601/841/601 602/842/602
f 600/840/600 603/843/603 601/841/601
f 601/841/601 603/843/603 604/844/604
f 603/843/603 605/845/605 604/844/604
f 604/844/604 605/845/605 606/846/606
f 605/845/605 596/836/596 606/846/606
f 606/846/606 596/836/596 595/835/595
f 606/846/606 595/835/595 607/847/607
f 607/847/607 595/835/595 594/834/594
f 607/847/607 594/834/594 599/848/599
f 599/848/599 594/834/594 558/849/558
f 594/834/594 593/833/593 558/849/558
f 558/849/558 593/833/593 560/850/560
f 593/833/593 561/832/561 560/850/560
f 602/842/602 598/851/598 597/852/597
f 602/842/602 608/853/608 598/851/598
f 602/842/602 601/841/601 608/853/608
f 601/841/601 604/844/604 608/853/608
f 608/853/608 604/844/604 609/854/609
f 604/844/604 606/846/606 609/854/609
f 609/854/609 606/846/606 607/847/607
f 609/854/609 607/847/607 598/851/598
f 598/851/598 607/847/607 599/848/599
f 608/853/608 609/854/609 598/851/598
f 610/855/610 611/856/611 612/857/612
f 611/856/611 610/855/610 613/858/613
f 613/858/613 610/855/610 614/859/614
f 614/859/614 610/855/610 615/860/615
f 615/860/615 610/855/610 612/857/612
f 616/861/616 615/860/615 612/857/612
f 616/861/616 612/857/612 617/862/617
f 617/862/617 618/863/618 616/861/616
f 617/862/617 619/864/619 618/863/618
f 617/862/617 620/865/620 619/864/619
f 620/865/620 600/840/600 619/864/619
f 620/865/620 603/843/603 600/840/600
f 621/866/621 603/843/603 620/865/620
f 621/866/621 622/867/622 603/843/603
f 603/843/603 622/867/622 605/845/605
f 622/867/622 596/836/596 605/845/605
f 622/867/622 597/837/597 596/836/596
f 612/857/612 623/868/623 617/862/617
f 612/857/612 611/856/611 623/868/623
f 611/856/611 624/869/624 623/868/623
f 613/858/613 624/869/624 611/856/611
f 613/858/613 625/870/625 624/869/624
f 626/871/626 625/870/625 613/858/613
f 626/871/626 613/858/613 614/859/614
f 627/872/627 626/871/626 614/859/614
f 627/872/627 614/859/614 628/873/628
f 614/859/614 615/860/615 628/873/628
f 628/873/628 615/860/615 621/874/621
f 621/874/621 615/860/615 616/861/616
f 616/861/616 622/875/622 621/874/621
f 616/861/616 618/863/618 622/875/622
f 618/863/618 597/852/597 622/875/622
f 618/863/618 619/864/619 597/852/597
f 619/864/619 602/842/602 597/852/597
f 619/864/619 600/840/600 602/842/602
f 617/862/617 629/876/629 620/865/620
f 623/868/623 629/876/629 617/862/617
f 623/868/623 624/869/624 629/876/629
f 629/876/629 624/869/624 630/877/630
f 624/869/624 625/870/625 630/877/630
f 630/877/630 625/870/625 621/878/621
f 625/870/625 628/879/628 621/878/621
f 626/880/626 628/879/628 625/870/625
f 627/881/627 628/879/628 626/880/626
f 620/865/620 630/877/630 621/866/621
f 629/876/629 630/877/630 620/865/620
f 631/882/631 632/883/632 633/884/633
f 501/885/501 632/883/632 631/882/631
f 500/886/500 632/883/632 501/885/501
f 500/886/500 508/887/508 632/883/632
f 506/888/506 508/887/508 500/886/500
f 506/888/506 500/886/500 634/889/634
f 508/887/508 510/890/510 632/883/632
f 510/891/510 509/892/509 632/893/632
f 520/894/520 632/893/632 509/892/509
f 633/884/633 632/893/632 520/894/520
f 633/884/633 520/894/520 521/895/521
f 521/895/521 631/882/631 633/884/633
f 631/882/631 521/895/521 524/896/524
f 635/897/635 636/898/636 492/899/492
f 492/899/492 636/898/636 528/900/528
f 636/898/636 496/901/496 528/900/528
f 496/901/496 498/902/498 528/900/528
f 501/885/501 528/900/528 498/902/498
f 527/903/527 528/900/528 501/885/501
f 527/903/527 501/885/501 631/882/631
f 524/904/524 527/903/527 631/882/631
f 523/905/523 637/906/637 638/907/638
f 637/906/637 523/905/523 522/908/522
f 639/909/639 640/910/640 638/907/638
f 638/907/638 637/906/637 639/909/639
f 637/906/637 641/911/641 639/909/639
f 642/912/642 641/911/641 637/906/637
f 637/906/637 522/913/522 642/912/642
f 492/914/492 491/915/491 635/916/635
f 643/917/643 635/916/635 491/915/491
f 643/917/643 205/918/205 635/916/635
f 215/919/215 635/916/635 205/918/205
f 205/918/205 643/917/643 644/920/644
f 645/921/645 644/920/644 643/917/643
f 491/922/491 493/923/493 646/924/646
f 643/925/643 491/922/491 646/924/646
f 643/925/643 646/924/646 647/926/647
f 645/927/645 643/925/643 647/926/647
f 645/927/645 647/926/647 648/928/648
f 644/920/644 645/927/645 648/928/648
f 205/918/205 644/920/644 648/928/648
f 648/928/648 202/929/202 205/918/205
f 203/930/203 202/929/202 523/931/523
f 523/931/523 202/929/202 525/932/525
f 202/929/202 526/933/526 525/932/525
f 648/928/648 526/933/526 202/929/202
f 648/928/648 646/934/646 526/933/526
f 646/934/646 648/928/648 647/935/647
f 493/936/493 526/933/526 646/934/646
f 526/933/526 493/936/493 495/937/495
f 649/938/649 650/939/650 651/940/651
f 467/941/467 652/942/652 469/943/469
f 653/944/653 469/943/469 652/942/652
f 469/943/469 653/944/653 470/945/470
f 654/946/654 470/945/470 653/944/653
f 470/945/470 654/946/654 471/947/471
f 471/947/471 654/946/654 56/948/56
f 56/948/56 654/946/654 74/949/74
f 74/949/74 654/946/654 73/950/73
f 650/939/650 73/950/73 654/946/654
f 650/939/650 655/951/655 73/950/73
f 649/938/649 655/951/655 650/939/650
f 649/938/649 472/952/472 655/951/655
f 468/953/468 472/952/472 649/938/649
f 649/938/649 651/940/651 468/953/468
f 651/940/651 466/954/466 468/953/468
f 466/954/466 651/940/651 467/941/467
f 652/942/652 467/941/467 651/940/651
f 652/942/652 651/940/651 650/939/650
f 652/942/652 650/939/650 653/944/653
f 654/946/654 653/944/653 650/939/650
f 66/955/66 73/950/73 655/951/655
f 66/955/66 655/951/655 67/956/67
f 472/952/472 473/957/473 655/951/655
f 655/951/655 473/957/473 67/956/67
f 473/957/473 474/958/474 67/956/67
f 55/959/55 67/956/67 474/958/474
f 474/958/474 471/960/471 55/959/55
f 56/961/56 55/959/55 471/960/471
f 221/962/221 496/963/496 222/964/222
f 636/965/636 222/964/222 496/963/496
f 222/964/222 636/965/636 215/966/215
f 636/965/636 635/967/635 215/966/215
f 656/968/656 537/969/537 538/970/538
f 657/971/657 656/968/656 538/970/538
f 658/972/658 656/968/656 657/971/657
f 659/973/659 658/972/658 657/971/657
f 659/973/659 660/974/660 658/972/658
f 208/975/208 658/972/658 660/974/660
f 517/976/517 538/977/538 516/978/516
f 538/977/538 517/976/517 657/971/657
f 517/976/517 506/979/506 657/971/657
f 506/979/506 659/973/659 657/971/657
f 506/979/506 634/980/634 659/973/659
f 634/980/634 660/981/660 659/973/659
f 661/982/661 662/983/662 663/984/663
f 664/985/664 663/984/663 665/986/665
f 663/984/663 666/987/666 665/986/665
f 662/983/662 666/987/666 663/984/663
f 667/988/667 666/987/666 662/983/662
f 668/989/668 232/990/232 669/991/669
f 233/992/233 669/991/669 232/990/232
f 669/991/669 233/992/233 665/986/665
f 234/993/234 665/986/665 233/992/233
f 234/993/234 231/994/231 665/986/665
f 664/985/664 665/986/665 231/994/231
f 231/994/231 201/995/201 664/985/664
f 663/984/663 664/985/664 201/995/201
f 201/995/201 189/996/189 663/984/663
f 661/982/661 663/984/663 189/996/189
f 661/982/661 189/996/189 670/997/670
f 670/997/670 662/983/662 661/982/661
f 671/998/671 662/983/662 670/997/670
f 667/988/667 662/983/662 671/998/671
f 667/988/667 671/998/671 672/999/672
f 667/988/667 672/999/672 666/987/666
f 672/999/672 668/989/668 666/987/666
f 666/987/666 668/989/668 665/986/665
f 668/989/668 669/991/669 665/986/665
f 190/1000/190 670/997/670 189/996/189
f 672/999/672 673/1001/673 668/989/668
f 672/999/672 674/1002/674 673/1001/673
f 672/999/672 671/998/671 674/1002/674
f 671/998/671 675/1003/675 674/1002/674
f 675/1003/675 671/998/671 670/997/670
f 676/1004/676 675/1003/675 670/997/670
f 670/997/670 190/1000/190 676/1004/676
f 191/1005/191 676/1004/676 190/1000/190
f 676/1004/676 191/1005/191 675/1003/675
f 192/1006/192 675/1003/675 191/1005/191
f 192/1006/192 194/1007/194 675/1003/675
f 677/1008/677 675/1003/675 194/1007/194
f 194/1007/194 200/1009/200 677/1008/677
f 674/1002/674 677/1008/677 200/1009/200
f 200/1009/200 199/1010/199 674/1002/674
f 673/1001/673 674/1002/674 199/1010/199
f 673/1001/673 199/1010/199 668/989/668
f 232/990/232 668/989/668 199/1010/199
f 675/1003/675 677/1008/677 674/1002/674
f 641/1011/641 640/1012/640 639/1013/639
f 678/1014/678 483/1015/483 484/1016/484
f 679/1017/679 483/1015/483 678/1014/678
f 178/1018/178 679/1017/679 678/1014/678
f 679/1017/679 178/1018/178 641/1011/641
f 185/1019/185 641/1011/641 178/1018/178
f 640/1012/640 641/1011/641 185/1019/185
f 640/1012/640 185/1019/185 184/1020/184
f 184/1020/184 638/1021/638 640/1012/640
f 638/1021/638 184/1020/184 523/1022/523
f 203/1023/203 523/1022/523 184/1020/184
f 641/1024/641 483/1015/483 679/1017/679
f 483/1015/483 641/1024/641 482/1025/482
f 482/1025/482 641/1024/641 642/1026/642
f 482/1025/482 642/1026/642 481/1027/481
f 481/1027/481 642/1026/642 522/1028/522
f 680/1029/680 175/1030/175 178/1018/178
f 678/1014/678 680/1029/680 178/1018/178
f 678/1014/678 484/1031/484 680/1029/680
f 486/1032/486 680/1029/680 484/1031/484
f 175/1033/175 680/1029/680 486/1032/486
f 175/1033/175 486/1032/486 176/1034/176
f 10/140/10 681/1035/681 111/131/111
f 111/131/111 681/1035/681 112/132/112
f 681/1035/681 682/1036/682 112/132/112
f 682/1036/682 683/1037/683 112/132/112
f 683/1037/683 100/117/100 112/132/112
f 683/1037/683 22/115/22 100/117/100
f 211/1038/211 210/1039/210 10/140/10
f 681/1035/681 10/140/10 210/1039/210
f 210/1039/210 216/1040/216 681/1035/681
f 681/1035/681 216/1040/216 682/1036/682
f 216/1040/216 218/1041/218 682/1036/682
f 218/1041/218 228/1042/228 682/1036/682
f 228/1042/228 683/1037/683 682/1036/682
f 228/1042/228 226/1043/226 683/1037/683
f 683/1037/683 226/1043/226 22/115/22
f 224/1044/224 22/115/22 226/1043/226
f 8/8/8 684/1045/684 10/10/10
f 211/1046/211 10/10/10 684/1045/684
f 212/1047/212 211/1046/211 684/1045/684
f 684/1045/684 685/1048/685 212/1047/212
f 213/1049/213 212/1047/212 685/1048/685
f 213/1049/213 685/1048/685 235/1050/235
f 686/1051/686 235/1050/235 685/1048/685
f 224/1052/224 235/1050/235 686/1051/686
f 22/22/22 224/1052/224 686/1051/686
f 686/1051/686 16/16/16 22/22/22
f 686/1051/686 15/15/15 16/16/16
f 15/15/15 686/1051/686 685/1048/685
f 684/1045/684 15/15/15 685/1048/685
f 15/15/15 684/1045/684 8/8/8
f 207/1053/207 208/1054/208 687/1055/687
f 660/1056/660 687/1055/687 208/1054/208
f 687/1055/687 660/1056/660 688/1057/688
f 634/1058/634 688/1057/688 660/1056/660
f 687/1059/687 220/1060/220 207/1061/207
f 220/1060/220 687/1059/687 221/1062/221
f 496/1063/496 221/1062/221 687/1059/687
f 497/1064/497 496/1063/496 687/1059/687
f 497/1064/497 687/1059/687 688/1065/688
f 688/1065/688 499/1066/499 497/1064/497
f 688/1065/688 634/1067/634 499/1066/499
f 499/1066/499 634/1067/634 500/1068/500
f 208/1069/208 206/1070/206 658/1071/658
f 658/1071/658 206/1070/206 656/1072/656
f 206/1070/206 537/1073/537 656/1072/656
f 195/1074/195 537/1073/537 206/1070/206
f 537/1073/537 195/1074/195 534/1075/534
f 195/1074/195 193/1076/193 534/1075/534
f 101/394/101 323/392/323 98/1077/98
f 319/388/319 98/1077/98 323/392/323
f 98/1077/98 319/388/319 99/1078/99
f 321/390/321 99/1078/99 319/388/319
f 52/1079/52 99/1078/99 321/390/321
f 321/390/321 326/406/326 52/1079/52
f 23/1080/23 52/1079/52 326/406/326
o minos_prime_Heart
v 3.612072 82.594673 0.254015
v 3.794566 82.024254 0.333848
v 2.683223 81.623886 0.336523
v 1.941833 81.121147 0.093280
v 2.155420 82.403145 0.358332
v 3.594534 82.733559 0.451799
v 0.261901 80.862015 0.279920
v 1.735534 82.449020 0.439128
v 2.305405 82.747826 -0.346908
v 1.773010 82.815811 -0.419509
v 1.804673 83.315910 -0.187475
v 1.387155 83.159744 1.117142
v 1.410183 84.036316 0.965655
v 0.822943 83.840233 1.972497
v 1.110182 84.285774 1.932297
v 0.605803 83.862167 2.431662
v 0.233150 84.028236 2.068689
v -0.236620 83.752892 2.234620
v -0.245980 83.947227 1.835292
v -0.180993 83.127487 2.297447
v 0.192921 83.247131 1.659134
v -0.184005 82.379120 0.964758
v 1.385563 84.845306 2.015682
v 1.647901 84.446846 1.831939
v 1.715072 84.425972 1.234161
v 1.879760 84.292885 0.800048
v 1.929715 84.130875 0.413497
v 2.285735 83.649361 -0.031352
v 1.926402 84.997604 1.092612
v 2.063581 84.563469 0.376213
v 2.260737 84.174133 0.571690
v -1.119164 81.298096 2.075093
v -0.218105 80.990616 3.570570
v 0.476931 82.602722 3.485856
v 1.098764 82.006554 3.781893
v 1.303340 83.386063 3.262014
v 1.994853 82.847031 2.467594
v 2.201344 84.121780 1.392479
v 2.387052 83.366020 0.488126
v 2.914962 82.704140 1.253193
v 2.786029 80.250946 2.977937
v 3.072247 81.704918 1.116429
v -0.679317 79.294556 2.307836
v 1.498529 84.343849 2.174066
v 2.064049 84.388176 1.098144
v 3.856731 81.955040 0.636117
v 2.718166 79.712708 1.404559
v 0.925571 78.887718 0.855583
v 1.866005 77.821960 2.499781
v 0.871603 77.652176 2.413807
v 1.137093 77.880020 3.288910
v 1.295516 80.150391 3.910951
vt 0.026780 0.118718
vt 0.039191 0.067330
vt 0.140356 0.087964
vt 0.222812 0.079039
vt 0.144554 0.171129
vt 0.019314 0.138516
vt 0.338021 0.147069
vt 0.165630 0.207640
vt 0.074344 0.182457
vt 0.109871 0.226118
vt 0.082257 0.250293
vt 0.181966 0.317774
vt 0.118111 0.365560
vt 0.206662 0.428353
vt 0.160577 0.445073
vt 0.221571 0.478649
vt 0.252987 0.454168
vt 0.302316 0.473299
vt 0.302690 0.444406
vt 0.362484 0.439395
vt 0.286869 0.387121
vt 0.295239 0.299541
vt 0.132122 0.492122
vt 0.111329 0.452577
vt 0.089778 0.404728
vt 0.069657 0.367901
vt 0.052613 0.332796
vt 0.036234 0.263970
vt 0.040250 0.427846
vt 0.027105 0.365833
vt 0.018517 0.329327
vt 0.428064 0.285754
vt 0.555374 0.317726
vt 0.499176 0.448355
vt 0.584129 0.440175
vt 0.521651 0.534969
vt 0.630647 0.591054
vt 0.535741 0.716608
vt 0.630498 0.766547
vt 0.560499 0.783307
vt 0.621786 0.818179
vt 0.705761 0.818091
vt 0.717961 0.748183
vt 0.760074 0.646747
vt 0.768391 0.404588
vt 0.840309 0.576326
vt 0.565733 0.143085
vt 0.464082 0.641695
vt 0.514686 0.751420
vt 0.890302 0.663760
vt 0.922233 0.571202
vt 0.862904 0.654977
vt 0.837062 0.703973
vt 0.859195 0.706733
vt 0.547946 0.822681
vt 0.522762 0.783929
vt 0.461500 0.773102
vt 0.486843 0.729511
vt 0.476836 0.677012
vt 0.433648 0.679492
vt 0.423236 0.626973
vt 0.411408 0.549893
vt 0.340535 0.499756
vt 0.880243 0.390832
vt 0.987639 0.508837
vt 0.988651 0.266027
vt 0.837933 0.192100
vt 0.875022 0.124008
vt 0.769916 0.128508
vt 0.675759 0.316225
vt 0.674193 0.051738
vt 0.471022 0.005689
vn 0.4622 0.4462 -0.7663
vn 0.6893 -0.3649 -0.6259
vn 0.4145 -0.2897 -0.8627
vn 0.1847 -0.1393 -0.9729
vn 0.3440 -0.0350 -0.9383
vn 0.5141 0.8564 -0.0470
vn -0.4673 -0.0858 -0.8799
vn -0.5166 -0.0708 -0.8533
vn 0.6024 -0.3826 -0.7005
vn -0.4755 -0.2488 -0.8438
vn -0.5256 0.3849 -0.7586
vn -0.7125 0.3148 -0.6271
vn -0.7871 0.4261 -0.4460
vn -0.5164 0.6316 -0.5783
vn -0.6727 0.7358 -0.0776
vn -0.3198 0.7876 0.5267
vn -0.0063 0.9882 -0.1529
vn -0.7454 0.3337 0.5771
vn -0.6088 0.6000 -0.5190
vn -0.8975 0.3496 0.2688
vn -0.4755 0.5036 -0.7213
vn -0.6170 0.4299 -0.6592
vn -0.1056 0.9911 0.0816
vn 0.4412 0.8938 0.0798
vn -0.3652 0.9305 -0.0292
vn -0.3382 0.8561 -0.3908
vn -0.3842 0.5547 -0.7380
vn 0.5801 0.4662 -0.6679
vn 0.0656 0.9965 0.0512
vn 0.0861 0.8658 -0.4929
vn 0.8316 0.5106 -0.2183
vn -0.9957 0.0880 -0.0287
vn -0.6107 0.0180 0.7917
vn -0.4466 0.3991 0.8008
vn 0.2876 0.1844 0.9398
vn 0.2830 0.5201 0.8058
vn 0.8091 0.2945 0.5085
vn 0.8539 0.4339 0.2875
vn 0.9991 -0.0255 0.0333
vn 0.4385 0.8519 0.2864
vn 0.8381 -0.0564 0.5426
vn 0.9385 -0.2981 0.1745
vn -0.8871 -0.4606 0.0312
vn 0.2987 0.6114 0.7328
vn 0.7352 0.6506 0.1903
vn 0.8628 -0.4509 0.2287
vn 0.8181 -0.4251 -0.3872
vn -0.1205 -0.6027 -0.7888
vn 0.6137 -0.7896 -0.0040
vn -0.3151 -0.9379 -0.1450
vn -0.0324 -0.6844 0.7284
vn 0.1760 -0.0753 0.9815
usemtl MinosPrimeHeart
s 1
f 689/1081/689 690/1082/690 691/1083/691
f 692/1084/692 693/1085/693 691/1083/691
f 691/1083/691 693/1085/693 689/1081/689
f 689/1081/689 693/1085/693 694/1086/694
f 695/1087/695 696/1088/696 692/1084/692
f 692/1084/692 696/1088/696 693/1085/693
f 697/1089/697 693/1085/693 696/1088/696
f 697/1089/697 696/1088/696 698/1090/698
f 698/1090/698 699/1091/699 697/1089/697
f 699/1091/699 698/1090/698 700/1092/700
f 701/1093/701 699/1091/699 700/1092/700
f 701/1093/701 700/1092/700 702/1094/702
f 701/1093/701 702/1094/702 703/1095/703
f 704/1096/704 703/1095/703 702/1094/702
f 702/1094/702 705/1097/705 704/1096/704
f 705/1097/705 706/1098/706 704/1096/704
f 707/1099/707 706/1098/706 705/1097/705
f 706/1098/706 707/1099/707 708/1100/708
f 709/1101/709 708/1100/708 707/1099/707
f 708/1100/708 709/1101/709 710/1102/710
f 710/1102/710 709/1101/709 700/1092/700
f 710/1102/710 700/1092/700 696/1088/696
f 700/1092/700 698/1090/698 696/1088/696
f 700/1092/700 709/1101/709 702/1094/702
f 709/1101/709 705/1097/705 702/1094/702
f 707/1099/707 705/1097/705 709/1101/709
f 711/1103/711 712/1104/712 703/1095/703
f 703/1095/703 712/1104/712 713/1105/713
f 703/1095/703 713/1105/713 714/1106/714
f 714/1106/714 701/1093/701 703/1095/703
f 714/1106/714 715/1107/715 701/1093/701
f 699/1091/699 701/1093/701 715/1107/715
f 699/1091/699 715/1107/715 716/1108/716
f 716/1108/716 697/1089/697 699/1091/699
f 714/1106/714 713/1105/713 717/1109/717
f 714/1106/714 718/1110/718 715/1107/715
f 719/1111/719 715/1107/715 718/1110/718
f 719/1111/719 716/1108/716 715/1107/715
f 695/1087/695 710/1102/710 696/1088/696
f 720/1112/720 710/1102/710 695/1087/695
f 708/1100/708 710/1102/710 720/1112/720
f 708/1100/708 720/1112/720 721/1113/721
f 721/1113/721 722/1114/722 708/1100/708
f 722/1114/722 721/1113/721 723/1115/723
f 724/1116/724 722/1114/722 723/1115/723
f 725/1117/725 724/1116/724 723/1115/723
f 724/1116/724 725/1117/725 726/1118/726
f 727/1119/727 726/1118/726 725/1117/725
f 719/1120/719 726/1118/726 727/1119/727
f 716/1121/716 719/1120/719 727/1119/727
f 727/1119/727 697/1122/697 716/1121/716
f 727/1119/727 693/1123/693 697/1122/697
f 725/1117/725 693/1123/693 727/1119/727
f 693/1123/693 725/1117/725 728/1124/728
f 725/1117/725 729/1125/729 728/1124/728
f 728/1124/728 729/1125/729 730/1126/730
f 721/1113/721 720/1112/720 731/1127/731
f 731/1127/731 720/1112/720 695/1087/695
f 726/1118/726 732/1128/732 724/1116/724
f 719/1120/719 733/1129/733 726/1118/726
f 690/1130/690 730/1126/730 691/1131/691
f 690/1130/690 734/1132/734 730/1126/730
f 728/1124/728 730/1126/730 734/1132/734
f 734/1132/734 694/1133/694 728/1124/728
f 728/1124/728 694/1133/694 693/1123/693
f 690/1130/690 694/1133/694 734/1132/734
f 689/1134/689 694/1133/694 690/1130/690
f 719/1120/719 718/1135/718 714/1136/714
f 719/1120/719 714/1136/714 733/1129/733
f 733/1129/733 714/1136/714 717/1137/717
f 733/1129/733 717/1137/717 713/1138/713
f 713/1138/713 726/1118/726 733/1129/733
f 726/1118/726 713/1138/713 712/1139/712
f 712/1139/712 732/1128/732 726/1118/726
f 711/1140/711 732/1128/732 712/1139/712
f 711/1140/711 703/1141/703 732/1128/732
f 704/1142/704 732/1128/732 703/1141/703
f 704/1142/704 724/1116/724 732/1128/732
f 722/1114/722 724/1116/724 704/1142/704
f 722/1114/722 704/1142/704 708/1100/708
f 704/1142/704 706/1143/706 708/1100/708
f 729/1125/729 735/1144/735 730/1126/730
f 691/1131/691 730/1126/730 735/1144/735
f 692/1145/692 691/1131/691 735/1144/735
f 692/1145/692 735/1144/735 736/1146/736
f 737/1147/737 736/1146/736 735/1144/735
f 736/1146/736 737/1147/737 738/1148/738
f 738/1148/738 737/1147/737 739/1149/739
f 737/1147/737 729/1125/729 739/1149/739
f 729/1125/729 740/1150/740 739/1149/739
f 740/1150/740 729/1125/729 725/1117/725
f 725/1117/725 723/1115/723 740/1150/740
f 721/1113/721 740/1150/740 723/1115/723
f 740/1150/740 721/1113/721 739/1149/739
f 721/1113/721 731/1127/731 739/1149/739
f 739/1149/739 731/1127/731 738/1151/738
f 738/1151/738 731/1127/731 736/1152/736
f 736/1152/736 731/1127/731 695/1087/695
f 692/1084/692 736/1152/736 695/1087/695
f 737/1147/737 735/1144/735 729/1125/729
o minos_prime_Veins
v 0.544296 81.283714 -0.430665
v 2.113970 83.132538 1.298380
v 1.756693 83.140030 -1.184050
v 0.058554 63.789593 -1.490768
v -0.018190 65.455986 -1.698368
v 0.240107 64.388962 1.270855
v 0.314113 65.931206 1.354806
v 0.477034 69.618965 -1.858725
v 0.680712 70.055458 1.195816
v -0.706143 73.673782 -1.318720
v -0.454664 74.061127 1.742026
v 0.400202 81.200180 -2.944854
v 5.681248 68.388374 0.866143
v 3.254701 69.285500 -0.310191
v 3.374835 65.967384 0.957659
v 1.570130 66.623756 -0.196205
v 2.045027 70.327690 -0.350358
v -0.887285 69.346695 -0.312562
v -6.101332 68.733879 3.152164
v -5.680413 67.954109 0.175556
v -2.614034 70.492081 1.210576
v -2.024592 69.646164 -1.891373
v -0.541397 73.771126 -1.332553
v -0.619392 73.963791 1.755854
v 1.282322 86.962212 2.189086
v 1.937346 84.391556 2.576663
v 2.010618 84.684456 0.276044
v 1.346583 88.609550 4.402987
v 0.870676 87.866989 -3.178050
v 2.759564 90.351624 -1.223852
v 3.285140 88.774132 -3.328950
v 5.332508 90.741837 -1.385457
v 4.022536 90.834122 -4.739045
v 5.861825 92.997940 -3.240473
v 4.789335 66.873238 -0.716441
v 4.266753 67.480186 2.539949
v 2.030994 68.265282 1.237902
v 2.793829 67.647087 -1.743052
v 0.457725 69.641937 -1.860430
v 0.700024 70.032471 1.197511
v 0.841635 83.764069 0.035409
v 1.565936 80.617073 -1.663682
v 3.029024 82.514557 0.086203
v -0.621453 81.866844 -1.711851
v -2.117283 74.049942 0.204615
v 0.956479 73.684937 0.218688
v 1.701447 65.658501 -0.167129
v -1.405523 65.728371 -0.173126
v -1.266185 64.120979 -0.111182
v 1.564846 64.057549 -0.108391
v -3.488452 71.210381 -0.384387
v -1.150181 68.927856 -0.296422
v -5.316318 66.902817 1.720242
v -6.465438 69.785233 1.607737
v -4.831068 90.840057 -3.000696
v -8.533925 90.236343 -3.743367
v -5.537817 88.917084 -1.061585
v -9.028996 87.930054 -1.020555
v -3.440743 84.665154 2.221957
v -2.262736 87.525444 2.107057
v 1.389426 84.469887 2.219626
v -0.574933 81.869820 2.317101
v 4.746769 61.543278 1.668116
v 0.045721 65.236122 1.403362
v 0.371341 65.062042 -1.704960
v 5.028391 61.346062 -1.682048
v 5.518861 56.808540 -1.453005
v 5.028380 56.616970 1.586901
v 5.722805 44.514671 -1.543000
v 5.531241 44.500900 1.542815
v 5.850940 34.520584 1.128956
v 6.561235 34.600246 -1.884889
v 5.662460 30.996529 0.521080
v 6.234910 30.902239 -2.518277
v 5.755925 20.901512 -2.084367
v 6.527456 20.944111 -5.078269
v 6.129881 6.136827 -6.253797
v 5.605431 5.628703 -2.431910
v -7.232162 91.773720 -2.087700
v -6.126597 89.354576 -4.663883
v -6.880651 87.305542 -2.406845
v -7.681681 89.548065 0.320833
v -2.674717 85.906921 0.642239
v -3.028769 86.282730 3.687745
v 0.134558 82.955704 0.677494
v 0.679937 83.383705 3.859732
v 3.934700 5.669011 -4.288232
v 7.800617 6.096516 -4.397483
v 4.595683 20.924074 -3.581322
v 7.687696 20.921541 -3.581314
v 7.495344 30.911777 -0.998595
v 4.402026 30.986982 -0.998602
v 4.657382 34.567337 -0.377971
v 7.754795 34.553474 -0.377964
v 7.171465 44.574688 -0.000088
v 4.082579 44.440872 -0.000093
v 3.729713 56.622093 0.016601
v 6.817533 56.799213 0.065646
v 3.401209 60.662155 0.020157
v 6.373960 62.242611 -0.038023
v 0.982919 66.508163 -0.203170
v -0.565863 63.790009 -0.098426
v -5.663690 20.925861 -2.051292
v -5.988644 5.736723 -2.442344
v -5.501887 5.968621 -6.243495
v -5.312015 21.207289 -5.111448
v -5.872930 31.194300 -2.538664
v -6.132232 31.378061 0.541400
v -5.509766 34.714172 -1.903491
v -6.008692 34.719078 1.147502
v -4.839534 44.590481 -1.500264
v -5.586913 44.590355 1.500031
v -4.521048 56.881447 -1.408341
v -5.450281 57.064651 1.542032
v -3.551876 61.194118 -1.553442
v -4.361948 61.580505 1.544054
v -0.023295 65.160118 1.438458
v 0.309998 65.117424 -1.739261
v -2.555677 60.594257 0.018872
v 0.922447 63.744907 -0.096685
v -0.635742 66.532623 -0.204117
v -5.358144 62.192001 -0.036011
v -6.528130 57.166271 0.061425
v -3.443194 56.787060 0.101129
v -6.758179 44.646931 -0.000120
v -3.668267 44.533897 -0.000111
v -4.216291 34.623325 -0.377990
v -7.302182 34.809921 -0.377999
v -4.454443 31.271444 -0.998626
v -7.550715 31.300903 -0.998635
v -7.034249 21.044277 -3.581368
v -3.941457 21.088881 -3.581359
v -3.828403 5.770503 -4.281729
v -7.662129 5.934841 -4.404107
v -15.797697 58.508324 -5.810072
v -19.253773 58.254425 -5.642017
v -16.116199 67.601051 -7.915679
v -19.227905 67.681793 -8.064126
v -18.008642 72.420044 -8.375104
v -15.892651 72.128929 -7.379202
v -15.159068 76.467735 -8.034417
v -15.419078 76.037727 -5.089106
v -14.258865 81.383751 -3.859977
v -13.417485 81.718597 -7.611526
v -12.388724 86.426750 -5.900809
v -12.634165 86.269638 -1.757444
v -8.500373 84.691719 -2.457895
v -8.939774 85.041206 0.592090
v -2.666227 85.895233 0.644714
v -3.037264 86.294502 3.685244
v 3.133762 84.443314 1.433635
v 2.609076 87.521988 3.609641
v 0.814197 84.633667 1.418655
v -0.054472 87.970284 3.027878
v 0.068174 89.585007 -2.632233
v 3.487720 88.532440 -1.737517
v 3.029312 90.912842 -2.408633
v 5.588354 88.605927 -2.310365
v 6.213801 90.935997 -3.947335
v 3.670555 92.895279 -4.034583
v -8.428074 86.444275 -1.012638
v -2.262736 87.525444 2.107061
v -8.756897 83.401222 -1.324251
v -11.776852 84.300774 -3.544919
v -13.514947 88.296013 -3.614608
v -15.143926 81.920815 -5.981153
v -12.557673 80.919037 -5.474413
v -16.610235 76.927475 -6.276881
v -14.009181 75.590744 -6.883981
v -17.152405 72.408356 -6.699459
v -16.622578 72.106453 -8.967824
v -17.440887 67.813606 -6.458641
v -17.903217 67.469246 -9.521156
v -17.751114 58.271633 -7.427574
v -17.274731 58.497025 -4.024903
v 17.766726 58.446587 -2.742953
v 14.721186 59.099876 -1.613745
v 14.490618 67.190186 -6.339866
v 17.348763 66.782661 -7.560407
v 14.917788 72.028442 -6.982286
v 16.858253 72.225899 -8.736525
v 14.657710 76.412460 -8.514557
v 14.493985 76.219933 -5.289207
v 13.584427 82.164658 -6.878326
v 14.297035 81.089050 -4.059284
v 12.827971 85.941505 -5.338832
v 13.079661 85.917496 -2.411204
v 11.402740 88.157967 -4.732857
v 11.598500 88.000488 -0.845630
v 8.995106 87.095573 -2.593803
v 8.604560 87.019333 -5.687374
v 4.195884 82.474426 -3.655055
v 5.989987 83.432671 -1.310014
v 2.413380 81.749435 0.033077
v 4.594402 82.621056 1.213751
v 15.718990 58.496361 -3.708115
v 16.743118 59.061508 -0.639339
v 16.367941 67.525246 -5.548378
v 15.471445 66.447586 -8.351894
v 15.006852 71.829247 -8.801422
v 16.656345 72.424812 -6.796411
v 13.296484 75.428513 -7.285839
v 15.912640 77.203728 -6.577469
v 13.028254 81.241539 -4.837393
v 15.468239 81.882027 -5.401590
v 11.584398 85.311172 -3.913295
v 14.337782 86.640160 -3.809707
v 10.910362 86.284225 -2.914189
v 11.954350 89.930344 -2.816386
v 7.925435 88.313332 -4.113825
v 9.657878 85.799995 -4.186481
v 4.371660 84.257118 -2.451413
v 5.804322 81.648041 -2.525328
v 3.173960 83.456230 0.579453
v 3.717080 81.044601 0.542217
vt 0.755963 0.069099
vt 0.649191 0.025156
vt 0.755963 0.025156
vt 0.649191 0.334744
vt 0.649191 0.310475
vt 0.755963 0.334744
vt 0.755963 0.310475
vt 0.649191 0.247789
vt 0.755963 0.247789
vt 0.649191 0.184562
vt 0.755963 0.184562
vt 0.649191 0.069099
vt 0.759809 0.342520
vt 0.759809 0.381618
vt 0.649191 0.342520
vt 0.649191 0.381618
vt 0.759809 0.422406
vt 0.649191 0.422406
vt 0.649191 0.428367
vt 0.759471 0.428367
vt 0.649191 0.496822
vt 0.759471 0.496822
vt 0.759471 0.561556
vt 0.649191 0.561556
vt 0.500673 0.835413
vt 0.610988 0.891481
vt 0.500673 0.891481
vt 0.610988 0.835413
vt 0.500673 0.783316
vt 0.610988 0.783316
vt 0.500673 0.735163
vt 0.610988 0.735163
vt 0.500673 0.692528
vt 0.610988 0.692528
vt 0.649191 0.342520
vt 0.759809 0.342520
vt 0.759809 0.381618
vt 0.649191 0.381618
vt 0.649191 0.422406
vt 0.759809 0.422406
vt 0.755963 0.025156
vt 0.649191 0.069099
vt 0.649191 0.025156
vt 0.755963 0.069099
vt 0.755963 0.184562
vt 0.649191 0.184562
vt 0.755963 0.247789
vt 0.649191 0.247789
vt 0.649191 0.310475
vt 0.755963 0.310475
vt 0.755963 0.334744
vt 0.649191 0.334744
vt 0.649191 0.561556
vt 0.649191 0.496822
vt 0.759471 0.561556
vt 0.759471 0.496822
vt 0.759471 0.428367
vt 0.649191 0.428367
vt 0.458666 0.950109
vt 0.345719 0.950109
vt 0.458666 0.900331
vt 0.345719 0.900331
vt 0.345719 0.806498
vt 0.458666 0.806498
vt 0.458666 0.737542
vt 0.345719 0.737542
vt 0.042246 0.107239
vt 0.042246 0.024382
vt 0.151464 0.024382
vt 0.151464 0.107239
vt 0.151464 0.179356
vt 0.042246 0.179356
vt 0.151464 0.366740
vt 0.042246 0.366740
vt 0.042246 0.520421
vt 0.151464 0.520421
vt 0.042246 0.577916
vt 0.151464 0.577916
vt 0.042246 0.737344
vt 0.151464 0.737344
vt 0.151464 0.968028
vt 0.042246 0.968028
vt 0.458666 0.950109
vt 0.345719 0.950109
vt 0.345719 0.900331
vt 0.458666 0.900331
vt 0.345719 0.806498
vt 0.458666 0.806498
vt 0.345719 0.737542
vt 0.458666 0.737542
vt 0.151464 0.968028
vt 0.042246 0.968028
vt 0.151464 0.737344
vt 0.042246 0.737344
vt 0.042246 0.577916
vt 0.151464 0.577916
vt 0.151464 0.520421
vt 0.042246 0.520421
vt 0.042246 0.366740
vt 0.151464 0.366740
vt 0.151464 0.179356
vt 0.042246 0.179356
vt 0.151464 0.107239
vt 0.042246 0.107239
vt 0.042246 0.024382
vt 0.151464 0.024382
vt 0.303456 0.728822
vt 0.303456 0.961984
vt 0.193982 0.961984
vt 0.193982 0.728822
vt 0.193982 0.567331
vt 0.303456 0.567331
vt 0.193982 0.513816
vt 0.303456 0.513816
vt 0.193982 0.362237
vt 0.303456 0.362237
vt 0.193982 0.172556
vt 0.303456 0.172556
vt 0.193982 0.102741
vt 0.303456 0.102741
vt 0.303456 0.025156
vt 0.193982 0.025156
vt 0.193982 0.102741
vt 0.193982 0.025156
vt 0.303456 0.025156
vt 0.303456 0.102741
vt 0.303456 0.172556
vt 0.193982 0.172556
vt 0.303456 0.362237
vt 0.193982 0.362237
vt 0.193982 0.513816
vt 0.303456 0.513816
vt 0.193982 0.567331
vt 0.303456 0.567331
vt 0.303456 0.728822
vt 0.193982 0.728822
vt 0.193982 0.961984
vt 0.303456 0.961984
vt 0.497455 0.025156
vt 0.607880 0.025156
vt 0.497455 0.172263
vt 0.607880 0.172263
vt 0.607880 0.245085
vt 0.497455 0.245085
vt 0.607880 0.314265
vt 0.497455 0.314265
vt 0.497455 0.400475
vt 0.607880 0.400475
vt 0.607880 0.488034
vt 0.497455 0.488034
vt 0.607880 0.566103
vt 0.497455 0.566103
vt 0.607880 0.671280
vt 0.497455 0.671280
vt 0.500673 0.891481
vt 0.500673 0.835413
vt 0.610988 0.891481
vt 0.610988 0.835413
vt 0.610988 0.783316
vt 0.500673 0.783316
vt 0.610988 0.735163
vt 0.500673 0.735163
vt 0.500673 0.692528
vt 0.610988 0.692528
vt 0.497455 0.566103
vt 0.607880 0.671280
vt 0.497455 0.671280
vt 0.607880 0.566103
vt 0.607880 0.488034
vt 0.497455 0.488034
vt 0.497455 0.400475
vt 0.607880 0.400475
vt 0.497455 0.314265
vt 0.607880 0.314265
vt 0.497455 0.245085
vt 0.607880 0.245085
vt 0.497455 0.172263
vt 0.607880 0.172263
vt 0.607880 0.025156
vt 0.497455 0.025156
vt 0.345719 0.025156
vt 0.455243 0.025156
vt 0.455243 0.170455
vt 0.345719 0.170455
vt 0.455243 0.250966
vt 0.345719 0.250966
vt 0.345719 0.317172
vt 0.455243 0.317172
vt 0.345719 0.401640
vt 0.455243 0.401640
vt 0.345719 0.476353
vt 0.455243 0.476353
vt 0.345719 0.522071
vt 0.455243 0.522071
vt 0.455243 0.574126
vt 0.345719 0.574126
vt 0.345719 0.662786
vt 0.455243 0.662786
vt 0.345719 0.716487
vt 0.455243 0.716487
vt 0.345719 0.025156
vt 0.455243 0.025156
vt 0.455243 0.170455
vt 0.345719 0.170455
vt 0.345719 0.250966
vt 0.455243 0.250966
vt 0.345719 0.317172
vt 0.455243 0.317172
vt 0.345719 0.401640
vt 0.455243 0.401640
vt 0.345719 0.476353
vt 0.455243 0.476353
vt 0.345719 0.522071
vt 0.455243 0.522071
vt 0.455243 0.574126
vt 0.345719 0.574126
vt 0.455243 0.662786
vt 0.345719 0.662786
vt 0.455243 0.716487
vt 0.345719 0.716487
vn 0.7496 -0.4986 0.4354
vn -0.1690 -0.5928 0.7874
vn -0.1709 -0.5949 0.7854
vn 0.9962 -0.0025 -0.0876
vn 0.9955 -0.0517 -0.0799
vn 0.9951 -0.0600 -0.0786
vn 0.9935 0.0694 -0.0900
vn 0.9889 0.1149 -0.0944
vn 0.9931 0.0780 -0.0875
vn 0.9945 0.0621 -0.0846
vn 0.7486 -0.4990 0.4366
vn 0.9111 -0.3535 0.2118
vn -0.3658 0.3207 0.8737
vn -0.1875 0.1877 0.9642
vn -0.3633 0.3210 0.8746
vn -0.1933 0.1925 0.9621
vn 0.0005 0.0415 0.9991
vn -0.0011 0.0417 0.9991
vn 0.5464 -0.7822 0.2991
vn 0.5463 -0.7822 0.2996
vn 0.7308 -0.6368 0.2457
vn 0.7553 -0.6113 0.2364
vn 0.8869 -0.4304 0.1678
vn 0.9858 0.1532 -0.0691
vn 0.9692 0.2366 -0.0684
vn 0.9693 0.2362 -0.0685
vn 0.9940 -0.0987 -0.0472
vn 0.6833 -0.6697 0.2909
vn 0.5300 -0.7564 0.3833
vn 0.5143 -0.7836 0.3485
vn 0.7313 -0.6818 -0.0157
vn 0.8092 -0.4865 -0.3295
vn -0.3913 -0.9149 0.0994
vn -0.3922 -0.9147 0.0979
vn -0.5689 -0.8187 0.0776
vn -0.5561 -0.8273 0.0799
vn -0.7163 -0.6957 0.0546
vn -0.7163 -0.6956 0.0546
vn -0.3073 -0.5059 0.8060
vn -0.1185 -0.1131 0.9865
vn -0.3077 -0.5059 0.8058
vn -0.1502 -0.1774 0.9726
vn 0.0430 0.0781 0.9960
vn 0.0374 0.0327 0.9988
vn 0.0073 -0.0327 0.9994
vn 0.0375 0.0326 0.9988
vn 0.0430 0.0780 0.9960
vn 0.0099 -0.0576 0.9983
vn 0.0067 -0.0322 0.9995
vn -0.0006 0.0381 0.9993
vn 0.0096 -0.0568 0.9983
vn -0.0011 0.0385 0.9993
vn -0.0008 0.0379 0.9993
vn -0.0002 0.0367 0.9993
vn -0.0728 -0.1108 0.9912
vn 0.1505 0.0871 0.9848
vn -0.0728 -0.1107 0.9912
vn 0.1564 0.0926 0.9833
vn 0.3636 0.2799 0.8885
vn 0.3637 0.2797 0.8885
vn -0.2165 0.7582 0.6150
vn -0.2270 0.7492 0.6222
vn -0.2956 0.6095 0.7356
vn -0.2879 0.6331 0.7185
vn -0.1531 0.2250 0.9622
vn -0.2034 0.2852 0.9366
vn 0.0020 0.0373 0.9993
vn 0.0019 0.0360 0.9993
vn -0.8690 -0.4899 -0.0702
vn -0.6216 -0.7833 -0.0108
vn -0.6208 -0.7838 -0.0124
vn -0.8850 -0.4594 -0.0751
vn -0.9916 -0.0564 -0.1161
vn -0.9917 -0.0545 -0.1161
vn -0.9908 -0.0401 -0.1295
vn -0.9908 -0.0399 -0.1291
vn -0.9842 0.0227 -0.1758
vn -0.9835 0.0301 -0.1786
vn -0.9745 0.0763 -0.2112
vn -0.9748 0.0663 -0.2129
vn -0.9788 0.0326 -0.2023
vn -0.9794 0.0318 -0.1995
vn -0.9824 0.0272 -0.1846
vn -0.9824 0.0273 -0.1846
vn -0.9535 -0.0538 -0.2964
vn -0.9534 -0.0554 -0.2965
vn -0.8977 -0.4366 -0.0593
vn -0.8723 -0.4884 -0.0248
vn -0.6218 -0.7619 0.1811
vn -0.6290 -0.7585 0.1707
vn -0.6655 -0.7374 0.1157
vn -0.6656 -0.7373 0.1155
vn 0.0188 -0.0509 0.9985
vn 0.0189 -0.0509 0.9985
vn 0.0079 -0.1503 0.9886
vn 0.0080 -0.1501 0.9886
vn -0.0023 -0.2096 0.9778
vn -0.0027 -0.2096 0.9778
vn -0.0010 -0.1037 0.9946
vn -0.0010 -0.1039 0.9946
vn -0.0005 -0.0201 0.9998
vn 0.0009 -0.0198 0.9998
vn -0.0144 -0.0036 0.9999
vn -0.0105 0.0006 0.9999
vn 0.0003 0.0254 0.9997
vn 0.0042 0.0288 0.9996
vn 0.0000 0.0382 0.9993
vn 0.0003 0.0383 0.9993
vn 0.9940 0.0017 0.1092
vn 0.9926 -0.0228 0.1195
vn 0.9925 -0.0228 0.1197
vn 0.9939 -0.0001 0.1101
vn 0.9936 -0.0240 0.1102
vn 0.9924 -0.0443 0.1146
vn 0.9838 -0.0782 0.1611
vn 0.9832 -0.0762 0.1660
vn 0.9708 -0.0406 0.2365
vn 0.9707 -0.0403 0.2367
vn 0.9526 -0.1165 0.2809
vn 0.9522 -0.1182 0.2817
vn 0.8342 -0.4972 0.2385
vn 0.8423 -0.4817 0.2419
vn 0.6680 -0.7240 0.1720
vn 0.6672 -0.7244 0.1735
vn -0.0037 0.0297 0.9996
vn -0.0011 0.0379 0.9993
vn -0.0001 0.0376 0.9993
vn -0.0030 0.0290 0.9996
vn -0.0112 0.0090 0.9999
vn -0.0107 0.0094 0.9999
vn -0.0020 -0.0229 0.9997
vn -0.0008 -0.0231 0.9997
vn -0.0040 -0.1080 0.9941
vn -0.0045 -0.1085 0.9941
vn -0.0036 -0.2110 0.9775
vn -0.0028 -0.2115 0.9774
vn -0.0091 -0.1474 0.9890
vn -0.0091 -0.1472 0.9891
vn -0.0185 -0.0497 0.9986
vn 0.0038 -0.2375 -0.9714
vn 0.0036 -0.2375 -0.9714
vn 0.0830 -0.1363 -0.9872
vn 0.0301 -0.1598 -0.9867
vn 0.3342 -0.0675 -0.9401
vn 0.5711 -0.0855 -0.8164
vn 0.9702 -0.2346 -0.0603
vn 0.9785 -0.1964 0.0625
vn 0.9468 -0.2974 0.1229
vn 0.9397 -0.3059 0.1527
vn 0.7014 -0.7098 0.0650
vn 0.1794 -0.9834 0.0275
vn -0.1798 -0.9817 0.0625
vn -0.0516 -0.9917 0.1178
vn 0.1324 -0.9813 0.1398
vn 0.1323 -0.9810 0.1416
vn -0.1670 -0.5280 0.8327
vn -0.0340 0.2761 0.9605
vn -0.1667 -0.5279 0.8328
vn -0.0185 0.5509 0.8344
vn 0.1380 0.8068 0.5745
vn 0.1041 0.6307 0.7690
vn 0.1863 0.3870 0.9031
vn 0.2255 0.4079 0.8847
vn 0.3775 0.4855 0.7886
vn 0.3772 0.4868 0.7879
vn -0.5306 -0.0470 0.8463
vn -0.5026 0.1428 0.8527
vn -0.4899 0.1778 0.8535
vn -0.5206 -0.1096 0.8467
vn -0.4899 -0.1976 0.8491
vn -0.5247 -0.1428 0.8392
vn -0.3011 -0.1746 0.9375
vn -0.2344 -0.2295 0.9447
vn 0.0683 -0.1625 0.9843
vn 0.2308 -0.2901 0.9287
vn 0.8247 -0.3612 0.4352
vn 0.9157 -0.3619 0.1747
vn 0.9912 -0.1053 -0.0800
vn 0.9833 -0.1283 -0.1294
vn 0.9897 -0.0177 -0.1424
vn 0.9897 -0.0177 -0.1422
vn -0.3979 -0.4726 -0.7863
vn -0.3983 -0.4726 -0.7861
vn -0.4020 -0.2860 -0.8699
vn -0.4451 -0.3090 -0.8405
vn -0.7101 -0.2121 -0.6714
vn -0.6292 -0.2619 -0.7318
vn -0.9787 -0.1499 -0.1402
vn -0.9937 -0.1112 0.0141
vn -0.9754 -0.1994 0.0942
vn -0.9769 -0.1906 0.0962
vn -0.9116 -0.4068 0.0591
vn -0.8866 -0.4574 0.0685
vn -0.2462 -0.9692 -0.0064
vn -0.3478 -0.9375 0.0120
vn 0.5276 -0.8438 -0.0979
vn 0.5742 -0.8099 -0.1196
vn 0.5799 -0.8131 -0.0505
vn 0.5796 -0.8130 -0.0551
vn 0.4197 -0.9074 -0.0195
vn 0.4033 -0.9124 -0.0694
vn -0.9528 0.1249 0.2768
vn -0.9528 0.1249 0.2767
vn -0.9363 0.0736 0.3435
vn -0.9514 0.0420 0.3050
vn -0.7818 -0.1960 0.5919
vn -0.6547 -0.1310 0.7444
vn -0.2199 -0.2917 0.9309
vn -0.0202 -0.2537 0.9671
vn 0.2253 -0.1974 0.9541
vn 0.2352 -0.2009 0.9510
vn 0.2104 -0.2992 0.9307
vn 0.1881 -0.2737 0.9432
vn -0.0732 -0.1835 0.9803
vn -0.0810 -0.1466 0.9859
vn -0.0798 0.0331 0.9963
vn -0.0738 0.0470 0.9962
vn 0.5466 0.2339 0.8041
vn 0.5940 0.2494 0.7648
vn 0.8076 0.2990 0.5083
vn 0.8103 0.3029 0.5016
usemtl MinosPrimeVeins
s 1
f 741/1153/741 742/1154/742 743/1155/743
f 744/1156/744 745/1157/745 746/1158/744
f 747/1159/746 746/1158/744 745/1157/745
f 747/1159/746 745/1157/745 748/1160/747
f 748/1160/747 749/1161/748 747/1159/746
f 749/1161/748 748/1160/747 750/1162/749
f 750/1162/749 751/1163/750 749/1161/748
f 741/1153/751 751/1163/750 750/1162/749
f 750/1162/749 752/1164/752 741/1153/751
f 753/1165/753 754/1166/754 755/1167/755
f 754/1166/754 756/1168/756 755/1167/755
f 756/1168/756 754/1166/754 757/1169/757
f 757/1169/757 758/1170/758 756/1168/756
f 759/1171/759 760/1172/760 761/1173/761
f 761/1173/761 760/1172/760 762/1174/762
f 761/1173/761 762/1174/762 763/1175/763
f 763/1175/763 764/1176/763 761/1173/761
f 765/1177/764 766/1178/765 767/1179/766
f 766/1178/765 765/1177/764 768/1180/767
f 765/1177/764 769/1181/768 768/1180/767
f 769/1181/768 770/1182/769 768/1180/767
f 769/1181/768 771/1183/770 770/1182/769
f 772/1184/771 770/1182/769 771/1183/770
f 772/1184/771 771/1183/770 773/1185/772
f 773/1185/772 774/1186/772 772/1184/771
f 775/1187/773 776/1188/774 777/1189/775
f 778/1190/776 775/1187/773 777/1189/775
f 779/1191/777 778/1190/776 777/1189/775
f 777/1189/775 780/1192/778 779/1191/777
f 781/1193/779 782/1194/780 783/1195/781
f 781/1193/779 784/1196/782 782/1194/780
f 785/1197/783 782/1194/780 784/1196/782
f 785/1197/783 786/1198/784 782/1194/780
f 758/1199/785 786/1198/786 785/1197/787
f 758/1199/785 757/1200/788 786/1198/786
f 758/1199/789 787/1201/790 757/1200/791
f 788/1202/792 787/1201/790 758/1199/789
f 788/1202/792 789/1203/793 787/1201/790
f 789/1203/793 790/1204/794 787/1201/790
f 785/1205/795 791/1206/796 786/1207/797
f 786/1207/797 791/1206/796 792/1208/798
f 793/1209/799 792/1208/798 791/1206/796
f 791/1206/796 794/1210/800 793/1209/799
f 795/1211/801 796/1212/802 797/1213/803
f 797/1213/803 796/1212/802 798/1214/804
f 799/1215/805 797/1213/803 798/1214/804
f 799/1215/805 800/1216/806 797/1213/803
f 800/1216/806 799/1215/805 801/1217/807
f 802/1218/808 801/1217/807 799/1215/805
f 803/1219/809 804/1220/810 805/1221/811
f 805/1221/811 806/1222/812 803/1219/809
f 803/1219/809 806/1222/812 807/1223/813
f 807/1223/813 808/1224/814 803/1219/809
f 808/1224/814 807/1223/813 809/1225/815
f 809/1225/815 810/1226/816 808/1224/814
f 811/1227/817 810/1226/816 809/1225/815
f 809/1225/815 812/1228/818 811/1227/817
f 811/1227/817 812/1228/818 813/1229/819
f 812/1228/818 814/1230/820 813/1229/819
f 815/1231/821 813/1229/819 814/1230/820
f 814/1230/820 816/1232/822 815/1231/821
f 815/1231/821 816/1232/822 817/1233/823
f 817/1233/823 818/1234/824 815/1231/821
f 819/1235/825 820/1236/826 821/1237/827
f 821/1237/827 822/1238/828 819/1235/825
f 823/1239/829 822/1238/828 821/1237/827
f 824/1240/830 822/1238/828 823/1239/829
f 824/1240/830 823/1239/829 825/1241/831
f 825/1241/831 826/1242/832 824/1240/830
f 827/1243/833 828/1244/834 829/1245/835
f 830/1246/836 829/1245/835 828/1244/834
f 829/1245/835 830/1246/836 831/1247/837
f 829/1245/835 831/1247/837 832/1248/838
f 832/1248/838 831/1247/837 833/1249/839
f 833/1249/839 831/1247/837 834/1250/840
f 833/1249/839 834/1250/840 835/1251/841
f 835/1251/841 836/1252/842 833/1249/839
f 836/1252/842 835/1251/841 837/1253/843
f 838/1254/844 837/1253/843 835/1251/841
f 837/1253/843 838/1254/844 839/1255/845
f 839/1255/845 838/1254/844 840/1256/846
f 839/1255/845 840/1256/846 841/1257/847
f 841/1257/847 842/1258/848 839/1255/845
f 843/1259/849 844/1260/850 845/1261/851
f 845/1261/851 846/1262/852 843/1259/849
f 843/1259/849 846/1262/852 847/1263/853
f 847/1263/853 848/1264/854 843/1259/849
f 848/1264/854 847/1263/853 849/1265/855
f 849/1265/855 850/1266/856 848/1264/854
f 850/1266/856 849/1265/855 851/1267/857
f 851/1267/857 852/1268/858 850/1266/856
f 852/1268/858 851/1267/857 853/1269/859
f 853/1269/859 854/1270/860 852/1268/858
f 854/1270/860 853/1269/859 855/1271/861
f 855/1271/861 856/1272/862 854/1270/860
f 855/1271/861 857/1273/863 856/1272/862
f 855/1271/861 858/1274/864 857/1273/863
f 859/1275/865 860/1276/866 861/1277/867
f 861/1277/867 862/1278/868 859/1275/865
f 863/1279/869 859/1275/865 862/1278/868
f 863/1279/869 864/1280/870 859/1275/865
f 865/1281/871 864/1280/870 863/1279/869
f 865/1281/871 866/1282/872 864/1280/870
f 866/1282/872 865/1281/871 867/1283/873
f 868/1284/874 867/1283/873 865/1281/871
f 868/1284/874 869/1285/875 867/1283/873
f 870/1286/876 869/1285/875 868/1284/874
f 871/1287/877 869/1285/875 870/1286/876
f 871/1287/877 872/1288/878 869/1285/875
f 873/1289/879 872/1288/878 871/1287/877
f 871/1287/877 874/1290/879 873/1289/879
f 875/1291/880 876/1292/881 877/1293/882
f 876/1292/881 878/1294/883 877/1293/882
f 877/1293/882 878/1294/883 879/1295/884
f 879/1295/884 880/1296/885 877/1293/882
f 880/1296/885 879/1295/884 881/1297/886
f 881/1297/886 882/1298/887 880/1296/885
f 883/1299/888 882/1298/887 881/1297/886
f 881/1297/886 884/1300/889 883/1299/888
f 883/1299/888 884/1300/889 885/1301/890
f 885/1301/890 886/1302/891 883/1299/888
f 886/1302/891 885/1301/890 887/1303/892
f 887/1303/892 888/1304/893 886/1302/891
f 889/1305/894 888/1304/893 887/1303/892
f 889/1305/894 890/1306/895 888/1304/893
f 891/1307/896 892/1308/897 893/1309/898
f 894/1310/899 893/1309/898 892/1308/897
f 892/1308/897 895/1311/900 894/1310/899
f 896/1312/901 895/1311/900 892/1308/897
f 896/1312/901 897/1313/902 895/1311/900
f 897/1313/902 896/1312/901 898/1314/903
f 897/1313/902 898/1314/903 899/1315/904
f 899/1315/904 900/1316/905 897/1313/902
f 901/1317/906 799/1318/907 902/1319/908
f 901/1317/906 903/1320/909 799/1318/907
f 904/1321/910 903/1320/909 901/1317/906
f 904/1321/910 901/1317/906 905/1322/911
f 906/1323/912 904/1321/910 905/1322/911
f 904/1321/910 906/1323/912 907/1324/913
f 908/1325/914 907/1324/913 906/1323/912
f 907/1324/913 908/1325/914 909/1326/915
f 908/1325/914 910/1327/916 909/1326/915
f 909/1326/915 910/1327/916 911/1328/917
f 910/1327/916 912/1329/918 911/1328/917
f 911/1328/917 912/1329/918 913/1330/919
f 913/1330/919 912/1329/918 914/1331/920
f 912/1329/918 915/1332/921 914/1331/920
f 916/1333/922 917/1334/923 918/1335/924
f 918/1335/924 919/1336/925 916/1333/922
f 919/1336/925 918/1335/924 920/1337/926
f 919/1336/925 920/1337/926 921/1338/927
f 922/1339/928 921/1338/927 920/1337/926
f 923/1340/929 922/1339/928 920/1337/926
f 924/1341/930 922/1339/928 923/1340/929
f 925/1342/931 924/1341/930 923/1340/929
f 926/1343/932 924/1341/930 925/1342/931
f 927/1344/933 926/1343/932 925/1342/931
f 926/1343/932 927/1344/933 928/1345/934
f 929/1346/935 928/1345/934 927/1344/933
f 930/1347/936 928/1345/934 929/1346/935
f 931/1348/937 928/1345/934 930/1347/936
f 932/1349/938 931/1348/937 930/1347/936
f 930/1347/936 933/1350/939 932/1349/938
f 933/1350/939 934/1351/940 932/1349/938
f 933/1350/939 935/1352/941 934/1351/940
f 936/1353/942 937/1354/943 938/1355/944
f 938/1355/944 939/1356/945 936/1353/942
f 939/1356/945 938/1355/944 940/1357/946
f 938/1355/944 941/1358/947 940/1357/946
f 941/1358/947 942/1359/948 940/1357/946
f 941/1358/947 943/1360/949 942/1359/948
f 942/1359/948 943/1360/949 944/1361/950
f 943/1360/949 945/1362/951 944/1361/950
f 945/1362/951 946/1363/952 944/1361/950
f 945/1362/951 947/1364/953 946/1363/952
f 948/1365/954 946/1363/952 947/1364/953
f 947/1364/953 949/1366/955 948/1365/954
f 950/1367/956 948/1365/954 949/1366/955
f 950/1367/956 951/1368/957 948/1365/954
f 951/1368/957 950/1367/956 952/1369/958
f 951/1368/957 952/1369/958 953/1370/959
f 953/1370/959 952/1369/958 954/1371/960
f 954/1371/960 955/1372/961 953/1370/959
